--
-- Script was generated by Devart dbForge Studio 2019 for MySQL, Version 8.2.23.0
-- Product home page: http://www.devart.com/dbforge/mysql/studio
-- Script date 25/1/2022 8:33:25 PM
-- Server version: 5.5.5-10.4.21-MariaDB
-- Client version: 4.1
--

-- 
-- Disable foreign keys
-- 
/*!40014 SET @OLD_FOREIGN_KEY_CHECKS=@@FOREIGN_KEY_CHECKS, FOREIGN_KEY_CHECKS=0 */;

-- 
-- Set SQL mode
-- 
/*!40101 SET @OLD_SQL_MODE=@@SQL_MODE, SQL_MODE='NO_AUTO_VALUE_ON_ZERO' */;

-- 
-- Set character set the client will use to send SQL statements to the server
--
SET NAMES 'utf8';

--
-- Set default database
--
USE `misa.eshop_development`;

--
-- Drop procedure `Proc_FilterProducts`
--
DROP PROCEDURE IF EXISTS Proc_FilterProducts;

--
-- Drop procedure `Proc_GetNewProductCodeSKU`
--
DROP PROCEDURE IF EXISTS Proc_GetNewProductCodeSKU;

--
-- Drop procedure `Proc_GetProducts`
--
DROP PROCEDURE IF EXISTS Proc_GetProducts;

--
-- Drop view `view_product`
--
DROP VIEW IF EXISTS view_product CASCADE;

--
-- Drop procedure `Proc_DeleteProduct`
--
DROP PROCEDURE IF EXISTS Proc_DeleteProduct;

--
-- Drop procedure `Proc_GetNewProductBarCode`
--
DROP PROCEDURE IF EXISTS Proc_GetNewProductBarCode;

--
-- Drop procedure `Proc_GetProductById`
--
DROP PROCEDURE IF EXISTS Proc_GetProductById;

--
-- Drop procedure `Proc_InsertProduct`
--
DROP PROCEDURE IF EXISTS Proc_InsertProduct;

--
-- Drop procedure `Proc_UpdateProduct`
--
DROP PROCEDURE IF EXISTS Proc_UpdateProduct;

--
-- Drop table `product`
--
DROP TABLE IF EXISTS product;

--
-- Drop procedure `Proc_GetProductCategorys`
--
DROP PROCEDURE IF EXISTS Proc_GetProductCategorys;

--
-- Drop table `productcategory`
--
DROP TABLE IF EXISTS productcategory;

--
-- Drop procedure `Proc_GetCalculationUnits`
--
DROP PROCEDURE IF EXISTS Proc_GetCalculationUnits;

--
-- Drop table `calculationunit`
--
DROP TABLE IF EXISTS calculationunit;

--
-- Drop procedure `Proc_GetProductImageById`
--
DROP PROCEDURE IF EXISTS Proc_GetProductImageById;

--
-- Drop procedure `Proc_InsertProductImage`
--
DROP PROCEDURE IF EXISTS Proc_InsertProductImage;

--
-- Drop table `productimage`
--
DROP TABLE IF EXISTS productimage;

--
-- Set default database
--
USE `misa.eshop_development`;

--
-- Create table `productimage`
--
CREATE TABLE productimage (
  ProductImageId char(36) NOT NULL COMMENT 'khóa chính bảng ảnh hàng hóa',
  ProductImageUrl text DEFAULT NULL COMMENT 'Đường dẫn ảnh hàng hóa',
  CreatedBy varchar(100) DEFAULT NULL COMMENT 'người tạo',
  CreatedDate datetime DEFAULT NULL COMMENT 'ngày tạo',
  ModifiedBy varchar(100) DEFAULT NULL COMMENT 'người sửa',
  ModifiedDate datetime DEFAULT NULL COMMENT 'ngày sửa',
  PRIMARY KEY (ProductImageId)
)
ENGINE = INNODB,
AVG_ROW_LENGTH = 712,
CHARACTER SET utf8,
COLLATE utf8_general_ci,
COMMENT = 'bảng ảnh hàng hóa';

DELIMITER $$

--
-- Create procedure `Proc_InsertProductImage`
--
CREATE DEFINER = 'root'@'localhost'
PROCEDURE Proc_InsertProductImage (IN $ProductImageId char(36), IN $ProductImageUrl text)
COMMENT 'thủ tục thêm ảnh hàng hóa'
BEGIN
  INSERT INTO productimage (ProductImageId, ProductImageUrl, CreatedDate)
    VALUES ($ProductImageId, $ProductImageUrl, CURRENT_TIMESTAMP());
END
$$

--
-- Create procedure `Proc_GetProductImageById`
--
CREATE DEFINER = 'root'@'localhost'
PROCEDURE Proc_GetProductImageById (IN $ProductImageId char(36))
COMMENT 'thủ tục lấy thông tin ảnh hàng hóa theo id'
BEGIN
  SELECT
    *
  FROM productimage p
  WHERE P.ProductImageId = $ProductImageId;
END
$$

DELIMITER ;

--
-- Create table `calculationunit`
--
CREATE TABLE calculationunit (
  CalculationUnitId char(36) NOT NULL,
  CalculationUnitCode char(20) NOT NULL DEFAULT '',
  CalculationUnitName varchar(100) NOT NULL DEFAULT '' COMMENT 'tên đơn vị tính',
  Description varchar(255) DEFAULT NULL COMMENT 'mô tả',
  CreatedBy varchar(100) DEFAULT NULL COMMENT 'người tạo',
  CreatedDate datetime DEFAULT NULL COMMENT 'ngày tạo',
  ModifiedBy varchar(100) DEFAULT NULL COMMENT 'người sửa gần nhất',
  ModifiedDate datetime DEFAULT NULL COMMENT 'ngày sửa gần nhất',
  PRIMARY KEY (CalculationUnitId)
)
ENGINE = INNODB,
AVG_ROW_LENGTH = 2730,
CHARACTER SET utf8,
COLLATE utf8_general_ci,
COMMENT = 'Bảng đơn vị tính';

DELIMITER $$

--
-- Create procedure `Proc_GetCalculationUnits`
--
CREATE DEFINER = 'root'@'localhost'
PROCEDURE Proc_GetCalculationUnits ()
COMMENT 'thủ tục lấy thông tin đơn vị tính'
BEGIN
  SELECT
    c.CalculationUnitId,
    c.CalculationUnitCode,
    c.CalculationUnitName
  FROM CalculationUnit c;
END
$$

DELIMITER ;

--
-- Create table `productcategory`
--
CREATE TABLE productcategory (
  ProductCategoryId char(36) NOT NULL COMMENT 'Khóa chính bảng nhóm hàng hóa',
  ProductCategoryCode varchar(255) NOT NULL DEFAULT '' COMMENT 'mã nhóm hàng hóa',
  ProductCategoryName varchar(100) NOT NULL DEFAULT '' COMMENT 'tên nhóm hàng hóa',
  Description varchar(255) DEFAULT NULL COMMENT 'mô tả nhóm hàng hóa',
  CreatedBy varchar(100) DEFAULT NULL COMMENT 'người tạo',
  CreatedDate datetime DEFAULT NULL COMMENT 'ngày tạo nhóm hàng hóa',
  ModifiedBy varchar(100) DEFAULT NULL COMMENT 'người sửa gần nhất',
  ModifiedDate datetime DEFAULT NULL COMMENT 'ngày sửa gần nhất',
  PRIMARY KEY (ProductCategoryId)
)
ENGINE = INNODB,
AVG_ROW_LENGTH = 6553,
CHARACTER SET utf8,
COLLATE utf8_general_ci,
COMMENT = 'bảng nhóm hàng hóa';

DELIMITER $$

--
-- Create procedure `Proc_GetProductCategorys`
--
CREATE DEFINER = 'root'@'localhost'
PROCEDURE Proc_GetProductCategorys ()
COMMENT 'procedure lấy thông tin nhóm hàng hóa'
BEGIN
  SELECT
    pc.ProductCategoryId,
    pc.ProductCategoryCode,
    pc.ProductCategoryName
  FROM ProductCategory pc;
END
$$

DELIMITER ;

--
-- Create table `product`
--
CREATE TABLE product (
  ProductId char(36) DEFAULT NULL COMMENT 'khóa chính bảng hàng hóa',
  ProductCodeSKU char(20) DEFAULT NULL COMMENT 'mã SKU của hàng hóa',
  ProductName varchar(100) NOT NULL DEFAULT '' COMMENT 'tên hàng hóa',
  ProductCategoryId char(36) DEFAULT NULL COMMENT 'mã nhóm hàng hóa',
  PurchasePrice int(11) DEFAULT NULL COMMENT 'giá mua ',
  SellingPrice int(11) DEFAULT NULL COMMENT 'giá bán',
  CalculationUnitId char(36) DEFAULT NULL COMMENT 'đơn vị tính',
  ProductProperty varchar(255) DEFAULT NULL COMMENT 'thuộc tính hàng hóa',
  ProductParentId char(36) DEFAULT NULL COMMENT 'Id cha của hàng hóa',
  ProductBarCode char(20) DEFAULT NULL COMMENT 'mã vạch hàng hóa',
  Description varchar(255) DEFAULT NULL COMMENT 'mô tả',
  ProductImageId char(36) DEFAULT NULL COMMENT 'Id ảnh hàng hóa',
  BusinessStatus int(11) DEFAULT NULL COMMENT 'trạng thái kinh doanh',
  CraetedBy varchar(100) DEFAULT NULL COMMENT 'người tạo',
  CreatedDate datetime DEFAULT NULL COMMENT 'ngày tạo',
  ModifiedBy varchar(100) DEFAULT NULL COMMENT 'người sửa gần nhất',
  ModifiedDate datetime DEFAULT NULL COMMENT 'ngày sửa gần nhất',
  ShowStatus int(11) DEFAULT NULL
)
ENGINE = INNODB,
AVG_ROW_LENGTH = 473,
CHARACTER SET utf8,
COLLATE utf8_general_ci,
COMMENT = 'bảng hàng hóa';

--
-- Create index `IDX_product_ProductName` on table `product`
--
ALTER TABLE product
ADD INDEX IDX_product_ProductName (ProductName);

--
-- Create index `UK_product_ProductCodeSKU` on table `product`
--
ALTER TABLE product
ADD UNIQUE INDEX UK_product_ProductCodeSKU (ProductCodeSKU);

--
-- Create foreign key
--
ALTER TABLE product
ADD CONSTRAINT FK_product_CalculationUnitId FOREIGN KEY (CalculationUnitId)
REFERENCES calculationunit (CalculationUnitId) ON DELETE NO ACTION;

--
-- Create foreign key
--
ALTER TABLE product
ADD CONSTRAINT FK_product_ProductCategoryId FOREIGN KEY (ProductCategoryId)
REFERENCES productcategory (ProductCategoryId) ON DELETE NO ACTION;

--
-- Create foreign key
--
ALTER TABLE product
ADD CONSTRAINT FK_product_ProductImageId FOREIGN KEY (ProductImageId)
REFERENCES productimage (ProductImageId) ON DELETE NO ACTION;

DELIMITER $$

--
-- Create procedure `Proc_UpdateProduct`
--
CREATE DEFINER = 'root'@'localhost'
PROCEDURE Proc_UpdateProduct (IN $ProductId char(36), IN $ProductCodeSKU char(20), IN $ProductName varchar(100), IN $ProductCategoryId char(36), IN $PurchasePrice int, IN $SellingPrice int, IN $CalculationUnitId char(36), IN $ProductProperty varchar(255), IN $ProductParentId char(36), IN $ProductBarCode char(20), IN $Description varchar(255), IN $ProductImageId char(36), IN $BusinessStatus int, IN $ShowStatus int)
COMMENT 'thủ tục cập nhập hàng hóa'
BEGIN
  UPDATE product p
  SET p.ProductCodeSKU = $ProductCodeSKU,
      p.ProductName = $ProductName,
      p.ProductCategoryId = $ProductCategoryId,
      p.PurchasePrice = $PurchasePrice,
      p.SellingPrice = $SellingPrice,
      p.CalculationUnitId = $CalculationUnitId,
      p.ProductProperty = $ProductProperty,
      p.ProductParentId = $ProductParentId,
      p.ProductBarCode = $ProductBarCode,
      p.Description = $Description,
      p.ProductImageId = $ProductImageId,
      p.BusinessStatus = $BusinessStatus,
      p.ShowStatus = $ShowStatus,
      p.ModifiedDate = CURRENT_TIMESTAMP()
  WHERE p.ProductId = $ProductId;
END
$$

--
-- Create procedure `Proc_InsertProduct`
--
CREATE DEFINER = 'root'@'localhost'
PROCEDURE Proc_InsertProduct (IN $ProductId char(36),
IN $ProductCodeSKU char(20),
IN $ProductName varchar(100),
IN $ProductCategoryId char(36),
IN $PurchasePrice int,
IN $SellingPrice int,
IN $CalculationUnitId char(36),
IN $ProductProperty varchar(255),
IN $ProductParentId char(36),
IN $ProductBarCode char(20),
IN $Description varchar(255),
IN $ProductImageId char(36),
IN $BusinessStatus int,
IN $ShowStatus int)
COMMENT 'thủ tục thêm hàng hóa'
BEGIN

  IF IFNULL($ProductBarCode, '') = '' THEN
    SET @maxCode = CAST((SELECT
        MAX(ProductBarCode)
      FROM product) AS int);
    SET $ProductBarCode = @maxCode + 1;
  END IF;

  INSERT INTO product (ProductId,
  ProductCodeSKU,
  ProductName,
  ProductCategoryId,
  PurchasePrice,
  SellingPrice,
  CalculationUnitId,
  ProductProperty,
  ProductParentId,
  ProductBarCode,
  Description,
  ProductImageId,
  BusinessStatus,
  ShowStatus,
  CreatedDate,
  ModifiedDate)
    VALUES ($ProductId, $ProductCodeSKU, $ProductName, $ProductCategoryId, $PurchasePrice, $SellingPrice, $CalculationUnitId, $ProductProperty, $ProductParentId, $ProductBarCode, $Description, $ProductImageId, $BusinessStatus, $ShowStatus, CURRENT_TIMESTAMP(), CURRENT_TIMESTAMP());
END
$$

--
-- Create procedure `Proc_GetProductById`
--
CREATE DEFINER = 'root'@'localhost'
PROCEDURE Proc_GetProductById (IN $ProductId char(36))
COMMENT 'thủ tục lấy thông tin hàng hóa theo Id'
BEGIN
  SELECT
    p.ProductCodeSKU,
    p.ProductName,
    p.ProductCategoryId,
    p.PurchasePrice,
    p.SellingPrice,
    p.CalculationUnitId,
    p.ProductProperty,
    p.Description,
    p.ProductImageId,
    p.BusinessStatus,
    p.ShowStatus,
    (SELECT
        CONCAT('[', GROUP_CONCAT(
        JSON_OBJECT
        ('ProductName', p1.ProductName,
        'ProductCodeSKU', p1.ProductCodeSKU,
        'ProductBarCode', p1.ProductBarCode,
        'PurchasePrice', p1.PurchasePrice,
        'SellingPrice', p1.SellingPrice)), ']') AS Json_ProductDetails
      FROM product p1
      WHERE p1.ProductParentId = $ProductId)
  FROM product p
  WHERE p.ProductId = $ProductId;

END
$$

--
-- Create procedure `Proc_GetNewProductBarCode`
--
CREATE DEFINER = 'root'@'localhost'
PROCEDURE Proc_GetNewProductBarCode ()
COMMENT 'thủ tục lấy mã vạch mới'
BEGIN
  SET @maxCode = CAST((SELECT
      MAX(ProductBarCode)
    FROM product) AS int) + 1;
  SELECT
    @maxCode;

END
$$

--
-- Create procedure `Proc_DeleteProduct`
--
CREATE DEFINER = 'root'@'localhost'
PROCEDURE Proc_DeleteProduct (IN $ProductId char(36))
COMMENT 'thủ tục xóa hàng hóa'
BEGIN
  DELETE
    FROM product
  WHERE ProductId = $ProductId
    OR ProductParentId = $ProductId;
END
$$

DELIMITER ;

--
-- Create view `view_product`
--
CREATE
DEFINER = 'root'@'localhost'
VIEW view_product
AS
SELECT
  `p`.`ProductId` AS `ProductID`,
  `p`.`ProductCodeSKU` AS `ProductCodeSKU`,
  `p`.`ProductName` AS `ProductName`,
  `p`.`ProductCategoryId` AS `ProductCategoryId`,
  `p`.`PurchasePrice` AS `PurchasePrice`,
  `p`.`SellingPrice` AS `SellingPrice`,
  `p`.`CalculationUnitId` AS `CalculationUnitId`,
  `p`.`ProductProperty` AS `ProductProperty`,
  `p`.`ProductParentId` AS `ProductParentId`,
  `p`.`ProductBarCode` AS `ProductBarCode`,
  `p`.`Description` AS `Description`,
  `p`.`ProductImageId` AS `ProductImageId`,
  `p`.`BusinessStatus` AS `BusinessStatus`,
  `p`.`ShowStatus` AS `ShowStatus`,
  `p`.`CreatedDate` AS `CreatedDate`,
  `p`.`ModifiedDate` AS `ModifiedDate`,
  `pc`.`ProductCategoryCode` AS `ProductCategoryCode`,
  `pc`.`ProductCategoryName` AS `ProductCategoryName`,
  `c`.`CalculationUnitCode` AS `CalculationUnitCode`,
  `c`.`CalculationUnitName` AS `CalculationName`
FROM ((`product` `p`
  LEFT JOIN `productcategory` `pc`
    ON (`p`.`ProductCategoryId` = `pc`.`ProductCategoryId`))
  LEFT JOIN `calculationunit` `c`
    ON (`p`.`CalculationUnitId` = `c`.`CalculationUnitId`))
WHERE IFNULL(`p`.`ProductParentId`, '') = '';

DELIMITER $$

--
-- Create procedure `Proc_GetProducts`
--
CREATE DEFINER = 'root'@'localhost'
PROCEDURE Proc_GetProducts ()
COMMENT 'thủ tục lấy thông tin hàng hóa'
BEGIN
  SELECT
    *
  FROM view_product vp
  ORDER BY vp.ProductCodeSKU DESC;
END
$$

--
-- Create procedure `Proc_GetNewProductCodeSKU`
--
CREATE DEFINER = 'root'@'localhost'
PROCEDURE Proc_GetNewProductCodeSKU (IN $inputText varchar(255))
COMMENT 'thủ tục lấy mã hàng hóa mới'
BEGIN
  -- lấy ra tất cả bản ghi có mã bắt đầu giống mã truyền vào từ param
  SET @str = $inputText;
  SET @length = LENGTH(@str) + 1; -- độ dài chuỗi mã

  SET @maxCode = (SELECT
      MAX(tmp3.IsNumber)
    FROM ((SELECT
        (CASE WHEN tmp2.NumberCode REGEXP '^[0-9]+$' THEN CAST(tmp2.NumberCode AS UNSIGNED integer) ELSE 0 END) AS IsNumber
      FROM (SELECT
          SUBSTRING(tmp.ProductCodeSKU, @length, LengthCode) AS NumberCode
        FROM (SELECT
            LENGTH(p.ProductCodeSKU) AS LengthCode,
            p.*
          FROM product p
          WHERE p.ProductCodeSKU LIKE CONCAT(@str, '%')) AS tmp) AS tmp2) AS tmp3));

  SET @maxCode = CAST(@maxCode + 1 AS UNSIGNED integer);
  SET @NewProductCodeSKU = CASE WHEN @maxCode IS NULL THEN CONCAT(@str, '0001') WHEN @maxCode < 10 THEN CONCAT(@str, '000', @maxCode) WHEN @maxCode < 100 THEN CONCAT(@str, '00', @maxCode) WHEN @maxCode < 1000 THEN CONCAT(@str, '0', @maxCode) WHEN @maxCode < 100000000 THEN CONCAT(@str, @maxCode) END;
  SELECT
    @NewProductCodeSKU;

END
$$

--
-- Create procedure `Proc_FilterProducts`
--
CREATE DEFINER = 'root'@'localhost'
PROCEDURE Proc_FilterProducts (IN $Columns varchar(255),
IN $PageIndex int,
IN $PageSize int,
IN $Where text,
IN $Sort text,
OUT $TotalRecord int,
OUT $TotalPage int)
COMMENT 'thủ tục phân trang và filter dữ liệu hàng hóa'
BEGIN

  IF IFNULL($Columns, '') = '' THEN
    SET $Columns = ' * ';
  END IF;

  IF $PageIndex < 1 THEN
    SET $PageIndex = 1;
  END IF;


  IF $PageSize < 1 THEN
    SET $PageSize = 50;
  END IF;

  IF IFNULL($Where, '') = '' THEN
    SET $Where = ' 1 = 1 ';
  END IF;

  IF IFNULL($Sort, '') = '' THEN
    SET $Sort = ' CreatedDate DESC, ProductCodeSKU DESC, ModifiedDate DESC';
  END IF;

  SET @skip = ($PageIndex - 1) * $PageSize;
  SET @limit = $PageSize;
  SET @where = $Where;
  SET @sort = $Sort;
  SET @column = $Columns;

  SET @sql = CONCAT('SELECT ', @column, ' FROM View_Product WHERE ', @where, ' ORDER BY ', @sort, ' LIMIT ?, ?');
  PREPARE stmt FROM @sql;
  EXECUTE stmt USING @skip, @limit;
  DEALLOCATE PREPARE stmt;

  SET @count = 0;
  SET @sqlCount = CONCAT('SELECT COUNT(ProductId) FROM View_Product WHERE  ', @where, ' INTO @count');
  PREPARE stmtCount FROM @sqlCount;
  EXECUTE stmtCount;
  SET $TotalRecord = @count;

  IF ((@count % $PageSize) > 0) THEN
    SET $TotalPage = FLOOR(@count / $PageSize) + 1;
  ELSE
    SET $TotalPage = FLOOR(@count / $PageSize);
  END IF;
  DEALLOCATE PREPARE stmtCount;




END
$$

DELIMITER ;

-- 
-- Dumping data for table productimage
--
INSERT INTO productimage VALUES
('27f91d6c-14b1-6c74-92ef-c9d5c2d91e91', 'Tabmutinlet', 'Margaret Lytle', '2022-01-11 00:00:03', 'Lottie Almanza', '2022-01-12 09:37:02'),
('2d8f25ba-5845-480b-aea3-7a0a45883aca', '40-top-hinh-nen-4k-cho-pc-laptop-macbook-may-tinh-dep-nhat-33-scaled.jpg', NULL, '2022-01-23 23:58:52', NULL, NULL),
('2f95717c-06bf-4a7e-9baf-26e40215e8b5', '40-top-hinh-nen-4k-cho-pc-laptop-macbook-may-tinh-dep-nhat-33-scaled.jpg', NULL, '2022-01-23 23:18:08', NULL, NULL),
('30007451-29ff-4fe4-3707-70859f4ff30d', 'Protinonentor', 'Eusebio Amaral', '2022-01-12 02:43:55', 'Takisha Hagan', '2022-01-12 00:09:30'),
('34e2b4cc-3758-293d-7aa4-4b24de418577', 'Tabtaer', 'Luise Nugent', '2022-01-11 04:48:50', 'Juliet Bordelon', '2022-01-12 01:27:28'),
('3e39129b-279f-623f-88ea-778aee59fea3', 'Monmutra', 'Ronald Burleson', '2022-01-11 22:24:37', 'Arthur Glover', '2022-01-12 01:21:55'),
('5021fc75-44d6-4efb-adf4-0e2c61c82c8a', '40-top-hinh-nen-4k-cho-pc-laptop-macbook-may-tinh-dep-nhat-33-scaled.jpg', NULL, '2022-01-24 08:27:10', NULL, NULL),
('50ddfef3-f797-43c7-99a1-26006ad7ba82', '1200px-Flag_of_the_Communist_Party_of_Vietnam.svg.png', NULL, '2022-01-23 23:16:08', NULL, NULL),
('5164fe3d-59f3-43c6-ac69-436f8cf0a098', '40-top-hinh-nen-4k-cho-pc-laptop-macbook-may-tinh-dep-nhat-33-scaled.jpg', NULL, '2022-01-23 23:25:19', NULL, NULL),
('529673e6-482d-494b-8436-985f192403eb', '4k-captain-america-art-2020-d6.jpg', NULL, '2022-01-23 23:56:28', NULL, NULL),
('5a0fe761-a6e8-44c8-b798-d96cc8ab292d', '40-top-hinh-nen-4k-cho-pc-laptop-macbook-may-tinh-dep-nhat-33-scaled.jpg', NULL, '2022-01-24 10:42:45', NULL, NULL),
('6528b15d-6674-724f-79a4-4b24de418577', 'Comtopra', 'Delana Devito', '2022-01-11 17:01:36', 'Judi Herron', '2022-01-12 05:08:29'),
('714a7102-9ccc-4357-8bbf-4a8a75dd46d0', '4a1db438a545ccac89e74d8118c9f79d.jpg', NULL, '2022-01-23 22:33:20', NULL, NULL),
('72bddb58-9b52-469d-9ab4-ed266a2c847a', 'wallpapersden.com_captain-america-minimalist-design_1920x1080.jpg', NULL, '2022-01-25 08:37:02', NULL, NULL),
('7b913686-7082-434b-8a90-d1cb4544c106', '40-top-hinh-nen-4k-cho-pc-laptop-macbook-may-tinh-dep-nhat-33-scaled.jpg', NULL, '2022-01-24 09:26:16', NULL, NULL),
('844f608c-f83e-490b-8321-c0beb1ac6a4b', '1200px-Flag_of_the_Communist_Party_of_Vietnam.svg.png', NULL, '2022-01-25 11:24:11', NULL, NULL),
('8c0c4820-8be7-4701-a3eb-2079a422e332', '40-top-hinh-nen-4k-cho-pc-laptop-macbook-may-tinh-dep-nhat-33-scaled.jpg', NULL, '2022-01-23 23:16:56', NULL, NULL),
('8c64f200-dc01-4880-965c-cbcfe961f8d4', '40-top-hinh-nen-4k-cho-pc-laptop-macbook-may-tinh-dep-nhat-33-scaled.jpg', NULL, '2022-01-24 21:10:08', NULL, NULL),
('947ad9bb-b945-4760-ae1c-da0ab44a523c', '4a1db438a545ccac89e74d8118c9f79d.jpg', NULL, '2022-01-23 23:19:42', NULL, NULL),
('95ca717e-077a-484c-bae5-3a507fa4a383', '4k-captain-america-art-2020-d6.jpg', NULL, '2022-01-24 10:59:47', NULL, NULL),
('9c806d92-460a-4d7b-8dce-5855644e00eb', '4k-captain-america-art-2020-d6.jpg', NULL, '2022-01-23 23:18:51', NULL, NULL),
('a6214b92-bf62-4bdb-8db5-055aa70b6413', '4a1db438a545ccac89e74d8118c9f79d.jpg', NULL, '2022-01-23 22:40:49', NULL, NULL),
('af827c30-7bc0-4122-b8a3-df9b80c1c841', '1200px-Flag_of_the_Communist_Party_of_Vietnam.svg.png', NULL, '2022-01-23 22:37:56', NULL, NULL),
('cdcb90cf-5f6b-4cc9-be06-4dd61dfab74c', '40-top-hinh-nen-4k-cho-pc-laptop-macbook-may-tinh-dep-nhat-33-scaled.jpg', NULL, '2022-01-23 23:53:20', NULL, NULL),
('daa8de25-34bf-4873-a189-c7884fcb133d', '40-top-hinh-nen-4k-cho-pc-laptop-macbook-may-tinh-dep-nhat-33-scaled.jpg', NULL, '2022-01-24 11:02:17', NULL, NULL),
('e899b2fb-93c2-4115-ba1f-097769cc4631', '1200px-Flag_of_the_Communist_Party_of_Vietnam.svg.png', NULL, '2022-01-25 16:15:56', NULL, NULL),
('eb2a4167-73b2-43d7-9be8-3c9d1a95c345', '4k-captain-america-art-2020-d6.jpg', NULL, '2022-01-23 23:56:11', NULL, NULL),
('ecdd5040-be54-4e49-ad4f-ed04470c98c2', '4k-captain-america-art-2020-d6.jpg', NULL, '2022-01-23 23:13:55', NULL, NULL),
('fd569bce-fa1a-4474-a9b9-b2be4e8d0da9', '40-top-hinh-nen-4k-cho-pc-laptop-macbook-may-tinh-dep-nhat-33-scaled.jpg', NULL, '2022-01-25 11:16:13', NULL, NULL),
('fdcb6a5c-2076-47ec-881f-eddb24460028', '40-top-hinh-nen-4k-cho-pc-laptop-macbook-may-tinh-dep-nhat-33-scaled.jpg', NULL, '2022-01-24 09:15:23', NULL, NULL);

-- 
-- Dumping data for table productcategory
--
INSERT INTO productcategory VALUES
('3541ff76-58f0-6d1a-e836-63d5d5eff719', 'NHH000258', 'Monomuter', 'Et ut nihil ab sint vero deserunt. Sunt aut magnam hic recusandae excepturi officia.', 'Araceli Kingsley', '2022-01-11 00:01:22', 'Damien Gibbs', '2022-01-12 23:35:52'),
('39446ba3-3071-7af6-a5a9-deaf32c96293', 'NHH000048', 'Stereotellewator', 'Qui quaerat sit nam animi ut deserunt. Nisi unde aut quis atque velit unde!', 'Kim Charlton', '2022-01-11 11:17:21', 'Kareem Culver', '2022-01-12 14:01:02'),
('447816de-6069-15bf-de3d-c9e9e9038fe2', 'NHH000331', 'Speaklifiedor', 'Quae error ad. Suscipit minima quaerat. Nihil modi pariatur. Eius laboriosam itaque? Quasi autem ad; quia sequi totam; quas aut non. Iste ut quos. Non ut est!', 'Trent Dobbins', '2022-01-12 09:24:09', 'Gale Elliott', '2022-01-12 23:17:25'),
('71952621-23c8-61d2-d0eb-e423f1575e00', 'NHH000127', 'Cleanplottor', 'Sunt voluptatem incidunt. Quia omnis eaque; in molestiae totam; nihil beatae voluptatibus? Aliquid at odio! Aut qui eaque. Tempora sit omnis.', 'Althea Heath', '2022-01-11 15:00:58', 'Alonzo Calvin', '2022-01-12 18:32:31'),
('79aca385-65e3-1ebe-f488-479bce9b28fc', 'NHH000651', 'Moncorder', 'In id ut et recusandae quasi dignissimos. Aliquid exercitationem quidem tempore. Unde harum dolores odit fugit officia aspernatur!', 'Brett Abney', '2022-01-11 07:36:19', 'Houston Contreras', '2022-01-12 22:03:32');

-- 
-- Dumping data for table calculationunit
--
INSERT INTO calculationunit VALUES
('11452b0c-768e-5ff7-0d63-eeb1d8ed8cef', 'DVT00036', 'Felisa221', 'Quo et consectetur. Omnis dolorem delectus quo corporis suscipit officiis; incidunt saepe vel nostrum ex et sed.', 'Adolph Francisco', '2022-01-12 04:47:28', 'Jason Blackmon', '1989-12-28 21:48:47'),
('142cb08f-7c31-21fa-8e90-67245e8b283e', 'DVT00332', 'Letha241', 'Praesentium excepturi architecto ipsum possimus. Dolore molestiae omnis nihil. Aliquid perspiciatis qui. Ea sed nam; accusantium ipsam ut. Soluta.', 'Letha Bolt', '2022-01-11 00:07:13', 'Abraham Acevedo', '1970-01-01 00:00:04'),
('17120d02-6ab5-3e43-18cb-66948daf6128', 'DVT00373', 'Kathern49', 'Neque amet ut. Natus quis ratione. Itaque tempore ut. Enim impedit magnam. Quo consectetur temporibus! Excepturi debitis perspiciatis. Quis et expedita!', 'Miyoko Mckinney', '2022-01-12 03:08:54', 'Hong Beaudoin', '1990-01-11 09:23:59'),
('469b3ece-744a-45d5-957d-e8c757976496', 'DVT00222', 'Mollie1975', 'Quam odit provident dolor. Natus error velit consequatur hic vero ut! Est nemo molestiae adipisci qui quia ipsam.', 'Vanita Kelleher', '2022-01-11 17:29:18', 'Retta Lord', '1987-01-11 13:33:41'),
('4e272fc4-7875-78d6-7d32-6a1673ffca7c', 'DVT00330', 'Quintin5', 'Qui tempora nisi similique laboriosam illum nesciunt. Unde similique omnis voluptatem sit nisi ipsum. Illum accusantium sit quia quidem; in et fuga.', 'Marcos Abraham', '2022-01-11 19:03:17', 'Treena Lind', '1970-01-01 00:00:08'),
('768f8e64-7d10-20c9-967d-e8c757976496', 'DVT00492', 'Shenita2027', 'Unde ipsa sint fugit. Et tenetur error deserunt aspernatur sit error. Perspiciatis voluptas nobis dolor eos illum dolor!', 'Oma Lawler', '2022-01-11 02:02:23', 'Tiny Card', '2004-09-21 17:14:34');

-- 
-- Dumping data for table product
--
INSERT INTO product VALUES
('07092c7b-b502-458b-8593-64385a7031e8', 'b12365', 'phuong nè', NULL, NULL, NULL, NULL, '', 'f39b286e-b3bb-4516-839b-715fb5ab5a81', NULL, NULL, NULL, 0, NULL, '2022-01-14 21:33:52', NULL, '2022-01-20 15:57:22', 0),
('0cc763f9-877f-40f5-83ca-8acf873ffa09', 'ONVA0001-X1', 'o ni vi a(xanh)', '3541ff76-58f0-6d1a-e836-63d5d5eff719', 200, 400, '17120d02-6ab5-3e43-18cb-66948daf6128', NULL, '2e8dd496-8296-41f3-be4f-ba4060614be8', NULL, NULL, NULL, 1, NULL, '2022-01-21 14:08:30', NULL, '2022-01-21 14:08:30', 1),
('0f498522-115e-4259-b66d-3dd70f06edcc', 'TK0001-X1', 'tence kin(xanh)', '39446ba3-3071-7af6-a5a9-deaf32c96293', 200000, 400000, '17120d02-6ab5-3e43-18cb-66948daf6128', NULL, '52467f1b-450e-4491-81bb-95e1c89af78d', NULL, NULL, NULL, 1, NULL, '2022-01-21 14:20:27', NULL, '2022-01-21 14:20:27', 1),
('197fda97-5a35-781d-0e77-d9ebc53aac3d', 'HH0021935', 'namne', '79aca385-65e3-1ebe-f488-479bce9b28fc', 2804365, 37862373, '17120d02-6ab5-3e43-18cb-66948daf6128', 'đỏ', NULL, '7104052912', NULL, '6528b15d-6674-724f-79a4-4b24de418577', 1, NULL, NULL, NULL, '2019-12-04 01:14:32', 1),
('1b63d7ca-e3ad-44e6-a356-f8c870a10521', 'HY0002', 'hasaki yasuo', '447816de-6069-15bf-de3d-c9e9e9038fe2', 200, 500, '17120d02-6ab5-3e43-18cb-66948daf6128', NULL, NULL, NULL, 'hahaha', NULL, 1, NULL, '2022-01-20 14:00:43', NULL, '2022-01-20 14:00:43', NULL),
('1d05a704-5376-15ba-1477-d9ebc53aac3d', 'HH0093615', 'phuongne', '71952621-23c8-61d2-d0eb-e423f1575e00', 4119711, 76920558, '11452b0c-768e-5ff7-0d63-eeb1d8ed8cef', 'tím', '197fda97-5a35-781d-0e77-d9ebc53aac3d', '3534550001', 'Omnis aut omnis. Omnis aliquid maiores. Natus fuga aliquid. Et labore accusamus. Qui ut dignissimos? Soluta est enim. Natus quia corporis. Ea voluptate odit.', '3e39129b-279f-623f-88ea-778aee59fea3', 1, '208OP9U3IN525QB57', '2021-12-07 13:57:42', 'Kathleen Burnside', '1970-11-15 20:24:12', 1),
('1e5ce342-2eec-79a4-5380-7ed9d1ea06ea', 'HH0085806', 'duongne', '447816de-6069-15bf-de3d-c9e9e9038fe2', 9422827, 11002972, '142cb08f-7c31-21fa-8e90-67245e8b283e', 'vàng', '197fda97-5a35-781d-0e77-d9ebc53aac3d', '1093359009', 'Perspiciatis incidunt ipsum nobis omnis non. Nesciunt sed cum; qui eius et. Ut vitae est? In dolore alias; voluptatem velit inventore.', '6528b15d-6674-724f-79a4-4b24de418577', 1, '664841958C78QNL4ILCN5C4991MGKMFZDQC7', '2018-10-10 04:56:46', 'Kelley Hiatt', '1974-03-20 15:30:38', 1),
('1e5e96fa-5d7a-599d-27c2-579daad24557', 'HH0047304', 'Protopletridge', '3541ff76-58f0-6d1a-e836-63d5d5eff719', 2435620, 70120858, '11452b0c-768e-5ff7-0d63-eeb1d8ed8cef', 'vàng chóe', NULL, '3980583308', 'Voluptates harum et quod quo. Non quod ut voluptate! Aut et hic sed? Optio a deserunt ut provident aut!', '30007451-29ff-4fe4-3707-70859f4ff30d', 1, 'KQ56XNM9TW2R60DN33Z2C1K7Y0EJ7G2', '1973-12-20 23:14:13', 'Kim Desantis', '1970-01-01 00:08:53', 1),
('1f85f165-3ed3-370a-b7d2-89b22d10517e', 'HH0050971', 'Translictphone', '3541ff76-58f0-6d1a-e836-63d5d5eff719', 9303497, 40411677, '469b3ece-744a-45d5-957d-e8c757976496', 'vàng chóe', NULL, '8404488166', 'Modi aperiam reiciendis. Facilis suscipit laborum et natus sit inventore; voluptatem recusandae ut expedita sapiente dolores libero.', '30007451-29ff-4fe4-3707-70859f4ff30d', 1, 'W74LNW0NUUY06B4S1', '1970-01-01 00:14:28', 'Ruben Simpson', '1994-06-30 20:45:51', 1),
('1f88699a-3e19-718a-d81d-086412a8ea97', 'HH0003654', 'Cleanceivedgar', '39446ba3-3071-7af6-a5a9-deaf32c96293', 9042022, 51124206, '469b3ece-744a-45d5-957d-e8c757976496', 'đỏ', NULL, '3837406029', 'Et nostrum autem. Non laborum blanditiis. Ducimus amet nisi; quasi sunt reiciendis. Facere quae ut! Quo quis necessitatibus. Nesciunt fuga sit; provident.', '34e2b4cc-3758-293d-7aa4-4b24de418577', 1, 'EW1KFCY1E46XLX6VS72N0JV20E5OMJQ7Z1528CY9GMX12WJ061Q76F5E65C1I9JCF320F0Z5Q9', '1987-10-24 16:13:26', 'Corey Turley', '2016-06-19 08:05:46', 1),
('1fecd07f-2488-638c-8141-c1ec321fe728', 'HH0024149', 'Armleanor', '3541ff76-58f0-6d1a-e836-63d5d5eff719', 3276857, 6569191, '17120d02-6ab5-3e43-18cb-66948daf6128', 'vàng chóe', NULL, '5646162085', 'Sint voluptas aut. Voluptates et voluptatibus. Rerum laboriosam sint; est ad voluptatem. Est nesciunt molestias. Recusandae aut hic! Cupiditate ut eligendi.', '6528b15d-6674-724f-79a4-4b24de418577', 1, '475DE47V', '2000-11-07 12:15:38', 'Alejandro Norwood', '1987-12-28 13:06:34', 1),
('201b9639-5997-303c-5880-7ed9d1ea06ea', 'HH0066304', 'Stereoculimor', '447816de-6069-15bf-de3d-c9e9e9038fe2', 3755087, NULL, '17120d02-6ab5-3e43-18cb-66948daf6128', 'tím', NULL, '5936802777', 'Nostrum inventore reprehenderit. Iusto sint quasi! Aut perferendis voluptatem. Sit ea aut. Est nisi id. Ea voluptatem ea? Iure sunt qui.', '6528b15d-6674-724f-79a4-4b24de418577', 1, '4L0327793BM7QNANMZBL3TP7FW843ZD3KH734958R562', '2004-01-07 04:54:30', 'Ettie Fountain', NULL, 1),
('2107e2a5-49f8-237b-5780-7ed9d1ea06ea', 'HH0091965', 'Chartiner', '447816de-6069-15bf-de3d-c9e9e9038fe2', 3460869, 42541575, '142cb08f-7c31-21fa-8e90-67245e8b283e', NULL, NULL, '4229731906', NULL, '3e39129b-279f-623f-88ea-778aee59fea3', 1, NULL, NULL, NULL, '1989-10-21 04:36:15', 1),
('212a5f62-4eb8-203c-4035-0028ed526dd0', 'HH0092285', 'Sublictplentor', '3541ff76-58f0-6d1a-e836-63d5d5eff719', 9105167, 58466255, '768f8e64-7d10-20c9-967d-e8c757976496', 'đỏ tươi', NULL, '2014975785', 'Rerum recusandae soluta odit dolores unde quasi. Vero fuga vel. Accusantium explicabo iste. Reprehenderit deserunt magni. Laborum perspiciatis dolore. Et.', '30007451-29ff-4fe4-3707-70859f4ff30d', 1, '462E9C2M', '1999-12-12 12:13:44', 'Eddy Snodgrass', '2001-11-08 13:03:40', 1),
('21ae5078-5e68-3790-6af6-423b4e874d0f', 'HH0016914', 'Mictinator', '79aca385-65e3-1ebe-f488-479bce9b28fc', 1196210, 14154748, '17120d02-6ab5-3e43-18cb-66948daf6128', 'tím', NULL, '2511812400', 'Dolor quae et. Fugit reiciendis odio. Odio consequatur provident. Adipisci maiores fugit. Exercitationem suscipit eos. Velit unde distinctio? Laborum ad illo.', '34e2b4cc-3758-293d-7aa4-4b24de418577', 1, '2425465QEVPG62', '2020-05-06 08:16:51', 'Greta Prosser', '2007-01-10 18:21:04', 1),
('22732821-2015-1da3-4335-0028ed526dd0', 'HH0039815', 'Comlifiupridge', '3541ff76-58f0-6d1a-e836-63d5d5eff719', 8170098, NULL, '469b3ece-744a-45d5-957d-e8c757976496', NULL, NULL, '5125745935', 'Qui sit et. Voluptatem rerum similique. Quia tempore ex; illo nostrum nemo. Id ipsum laboriosam. Possimus voluptatem et! Porro et sit? Aut facilis saepe.', '6528b15d-6674-724f-79a4-4b24de418577', 1, 'B3DO', '1970-01-01 01:40:32', 'Robbie Marquez', NULL, 1),
('2356a2d8-7751-6f97-66f6-423b4e874d0f', 'HH0063780', 'Armtoper', '447816de-6069-15bf-de3d-c9e9e9038fe2', 8431294, 53231354, '768f8e64-7d10-20c9-967d-e8c757976496', 'xanh lá cây', NULL, '1436902788', 'Voluptatem perspiciatis et ut iure culpa vitae. Voluptatem vel sequi voluptate fugit ad sed.', '3e39129b-279f-623f-88ea-778aee59fea3', 1, 'X096G3H5XP9166A253JLVMIO7858K419I2FQDW4R3324KK0K0ADRP59582S872E15V88IX83E7UKD443C6APO02839Z66T4W', '1998-01-27 19:15:04', 'Kecia Adcock', '1970-01-01 02:03:38', 1),
('2501b33c-05be-4630-b72f-716e631152d9', 'ONVA0001-V1', 'o ni vi a(vàng)', '3541ff76-58f0-6d1a-e836-63d5d5eff719', 200, 400, '17120d02-6ab5-3e43-18cb-66948daf6128', NULL, '2e8dd496-8296-41f3-be4f-ba4060614be8', NULL, NULL, NULL, 1, NULL, '2022-01-21 14:08:30', NULL, '2022-01-21 14:08:30', 1),
('26920571-f7d4-4b6c-8494-9c3257af04f7', 't123456', 'phuong nè', NULL, NULL, NULL, NULL, 'hahah,pennpen,mmmzz', '07092c7b-b502-458b-8593-64385a7031e8', NULL, NULL, NULL, NULL, NULL, '2022-01-14 21:33:52', NULL, '2022-01-20 15:43:38', NULL),
('27e60da2-385e-6804-8441-c1ec321fe728', 'HH0065712', 'Tabjectra', '71952621-23c8-61d2-d0eb-e423f1575e00', 5022117, 94413297, '17120d02-6ab5-3e43-18cb-66948daf6128', NULL, NULL, '6861189540', 'Incidunt sint officia vel voluptate nam maxime. Qui sed sint odio. Vero numquam quisquam reprehenderit! Architecto aliquam neque totam dolor est iure.', '30007451-29ff-4fe4-3707-70859f4ff30d', 1, 'YZ620', '1970-01-01 00:15:45', 'Jackqueline Abraham', '1970-01-01 00:00:03', 1),
('2856c4e2-7a66-4f43-a359-cb8cf5612ae3', 't1113', 'phuong nè', NULL, NULL, NULL, NULL, NULL, '85274964-245b-46fd-ba69-ce87e2626f52', NULL, NULL, NULL, NULL, NULL, '2022-01-19 13:48:43', NULL, '2022-01-19 13:48:43', NULL),
('28a16581-1fd1-546b-1677-d9ebc53aac3d', 'HH0010575', 'Chartinar', '79aca385-65e3-1ebe-f488-479bce9b28fc', 5000392, 99629266, '142cb08f-7c31-21fa-8e90-67245e8b283e', 'nâu', NULL, '7701736474', 'Et omnis est. Est dolor inventore? Deserunt autem sed! Illum voluptate et. Ut saepe omnis. Facere vel sint; eum voluptatibus praesentium.', '27f91d6c-14b1-6c74-92ef-c9d5c2d91e91', 1, '455466864D8RF0P585FE', '1987-06-01 02:04:44', 'Azalee Wang', '1971-12-11 11:09:34', 1),
('28cd1599-63bf-785f-4f80-7ed9d1ea06ea', 'HH0083367', 'Miccorder', '39446ba3-3071-7af6-a5a9-deaf32c96293', 9067438, 25614223, '17120d02-6ab5-3e43-18cb-66948daf6128', 'đỏ tươi', NULL, '3705667228', 'Ut autem ipsa error dolor vero dolore.', '3e39129b-279f-623f-88ea-778aee59fea3', 1, 'XBB720206WQ19D2VYC568N45PIGRU7', '2020-04-14 00:16:04', 'Lavonia Whiteside', '1982-06-08 16:25:04', 1),
('2afb2146-430d-394b-3d35-0028ed526dd0', 'HH0077790', 'Printbandlet', '447816de-6069-15bf-de3d-c9e9e9038fe2', 8036126, 7237539, '469b3ece-744a-45d5-957d-e8c757976496', 'vàng', NULL, '8914143635', 'Et magnam omnis quas tempora asperiores. Vitae aperiam ut eum; aut temporibus animi omnis et quis quia.', '6528b15d-6674-724f-79a4-4b24de418577', 1, 'Q406JFW8R7700V', '1970-01-01 00:01:02', 'Raphael Beckman', '2001-05-27 01:45:47', 1),
('2c1ced50-4edc-486c-8f92-712ec9fd7b3e', 'nn025825896', 'phuong nè', NULL, NULL, NULL, NULL, NULL, '41a60093-87e0-4823-ac55-c3becbf4e70d', NULL, NULL, NULL, NULL, NULL, '2022-01-14 21:12:31', NULL, '2022-01-14 21:12:31', NULL),
('2efc0ff3-37c0-286f-bbd2-89b22d10517e', 'HH0064433', 'Tetoplet', '79aca385-65e3-1ebe-f488-479bce9b28fc', 6385598, 39895513, '17120d02-6ab5-3e43-18cb-66948daf6128', 'tím', NULL, '9852239264', 'Et debitis repudiandae voluptatem est. Ea exercitationem et exercitationem est! Omnis provident odit error esse vel. Dolor nobis accusantium.', '34e2b4cc-3758-293d-7aa4-4b24de418577', 1, 'GER2SG0HCSK9', '1970-01-01 00:00:12', 'Jamel Washington', '1977-04-17 19:46:36', 1),
('2f35bf04-6752-41e4-9909-4f7580a23a71', 'KĐR0001-B1', 'kem đánh răng(benmax)', '3541ff76-58f0-6d1a-e836-63d5d5eff719', 200, 400, '11452b0c-768e-5ff7-0d63-eeb1d8ed8cef', NULL, 'd83e8a54-c97a-42c2-9918-31692afd67df', NULL, NULL, NULL, 1, NULL, '2022-01-20 14:09:31', NULL, '2022-01-20 14:09:31', NULL),
('2f43fc9d-1f7a-25fc-5280-7ed9d1ea06ea', 'HH0010172', 'Monoleentor', '39446ba3-3071-7af6-a5a9-deaf32c96293', 663644, 27077522, '142cb08f-7c31-21fa-8e90-67245e8b283e', 'xanh lá cây', NULL, '1197839854', 'Facere nam magnam; ut tempora sunt. Deserunt libero omnis; autem aut et. Ut enim et; eius quo voluptas. Magnam quidem et. Eum at cum.', '30007451-29ff-4fe4-3707-70859f4ff30d', 1, 'G1ZT497TLJK9FD9EXF658', '1989-11-19 02:09:36', 'Debbra Acuna', '1970-01-01 02:04:26', 1),
('2f4cc91d-6f13-4b4c-1c80-de64d090a2c2', 'HH0032325', 'Charpickefon', '71952621-23c8-61d2-d0eb-e423f1575e00', 2292194, 48573365, '142cb08f-7c31-21fa-8e90-67245e8b283e', 'đỏ tươi', NULL, '9588937242', 'Aut animi architecto; obcaecati animi iste. Illo et ipsam. Quis hic fuga! Ut eum quo; perferendis ut aut. Sint eum odit? Autem neque deleniti...', '6528b15d-6674-724f-79a4-4b24de418577', 1, 'BC227W2C7869L9PWM13BI8ATH277T0J1W2G647I29Y61W28L0O', '2002-11-14 02:34:45', 'Abbie Bullard', '1970-01-01 00:01:24', 1),
('322105dd-142f-392d-2fc2-579daad24557', 'HH0089766', 'Speakcullet', '79aca385-65e3-1ebe-f488-479bce9b28fc', 4798491, 13812504, '142cb08f-7c31-21fa-8e90-67245e8b283e', 'đỏ', NULL, '0252974258', 'Sed explicabo voluptatibus; voluptas maiores et; alias error et. Alias a autem. Unde rerum repellat. Eum consectetur fugit; iste magni quae. Iure quia iste.', '3e39129b-279f-623f-88ea-778aee59fea3', 1, 'JF1679800BCGR167MTC4B97SCPFA5BE8XRQY37B32KE8872B9GRREJQ38MI257XV907W945SPQKOAL45Z3', '1993-10-02 16:50:31', 'Chiquita Headrick', '1978-06-26 08:35:49', 1),
('324ac33a-77c5-13a5-0535-60b3ebf808a9', 'HH0051191', 'Cleanjecticator', '447816de-6069-15bf-de3d-c9e9e9038fe2', 8460283, 86738126, '142cb08f-7c31-21fa-8e90-67245e8b283e', 'vàng chóe', NULL, '5120083707', 'Exercitationem et ut illum quis in eum. Optio modi sunt iusto omnis dolore! Eius molestiae in. Qui corrupti consequatur et ut eligendi!', '30007451-29ff-4fe4-3707-70859f4ff30d', 1, '51U7', '2010-12-04 10:35:49', 'Sonny Epps', '2000-12-21 06:15:40', 1),
('329b5332-34e3-1ae4-6ef6-423b4e874d0f', 'HH0079637', 'Speakleer', '79aca385-65e3-1ebe-f488-479bce9b28fc', 8770800, 74666434, '142cb08f-7c31-21fa-8e90-67245e8b283e', 'xanh lá cây', NULL, '5970781718', 'Id beatae ut dolor assumenda quibusdam tempore. Quaerat qui facilis et! Ipsa doloribus ut minima sequi nihil velit.', '30007451-29ff-4fe4-3707-70859f4ff30d', 1, 'TW2', '1974-10-14 20:57:37', 'Audie Kearney', '1990-07-01 19:31:20', 1),
('3304dddb-1b72-607f-25c2-579daad24557', 'HH0057838', 'Readtagaator', '79aca385-65e3-1ebe-f488-479bce9b28fc', 628910, 66537445, '4e272fc4-7875-78d6-7d32-6a1673ffca7c', 'đỏ', NULL, '0125127120', 'Dolor iusto consequatur; error labore suscipit. Harum asperiores voluptatem ratione laudantium alias id. Veniam qui rerum labore natus cumque. Modi ex cumque.', '30007451-29ff-4fe4-3707-70859f4ff30d', 1, 'JK1E7UKXI020499C3L1XC', '2018-04-20 12:32:02', 'Stevie Frizzell', '1995-10-19 23:53:52', 1),
('337faf61-662b-461a-69f6-423b4e874d0f', 'HH0053143', 'Comtopar', '71952621-23c8-61d2-d0eb-e423f1575e00', 9367572, 66079109, '17120d02-6ab5-3e43-18cb-66948daf6128', 'tím', NULL, '7687396401', 'Sit porro veniam. Consequatur corporis natus dicta. Aut blanditiis quibusdam est unde corrupti. Illum molestias explicabo est? Saepe et veniam!', '27f91d6c-14b1-6c74-92ef-c9d5c2d91e91', 1, 'SNIVV7396M453PMOIF860Y14JW28G6J7KX5A73VZ9KFD206LFWI14QVPN2P21T7T0ZGJ9I5Q93P3O8S4728K37Y', '2000-01-11 12:36:03', 'Enoch Dortch', '2015-06-04 10:29:47', 1),
('34d0e3b5-6d5f-1fd7-0635-60b3ebf808a9', 'HH0009440', 'Armleentor', '3541ff76-58f0-6d1a-e836-63d5d5eff719', 2738071, 52637386, '4e272fc4-7875-78d6-7d32-6a1673ffca7c', 'xanh lá cây', NULL, '8522223240', 'Expedita dolorem velit sunt maiores deleniti sequi. Ut cum dolorem eius. Ea quos est rerum illo suscipit perspiciatis.', '6528b15d-6674-724f-79a4-4b24de418577', 1, 'O1P5G987C977O0D3R1L2I6OL03556WN6T02T8831554EU66U81A8AN0D836APY2283NUHARY3A8D61W7AJURSGE84RA82390ELUJ', '1970-01-01 00:00:02', 'Nicolas Dyer', '1970-01-01 00:00:51', 1),
('350cf027-3245-532d-bcd2-89b22d10517e', 'HH0032175', 'Charleentor', '71952621-23c8-61d2-d0eb-e423f1575e00', 4882574, 66818492, '4e272fc4-7875-78d6-7d32-6a1673ffca7c', 'đỏ tươi', NULL, '1901255738', 'Beatae non quo voluptas error modi; et quasi excepturi. Et voluptatem veritatis! Temporibus similique dolore. Unde accusamus qui; dolore ullam voluptatem.', '27f91d6c-14b1-6c74-92ef-c9d5c2d91e91', 1, '9EWOSZOXRT7AEU0M9J8LD65GT5JEZ0OUE2REG43SO853QHSB15N63', '1970-01-01 00:00:10', 'Rudolph Staley', '2014-09-05 22:46:17', 1),
('35c3a053-254d-33f3-1b80-de64d090a2c2', 'HH0097443', 'Monwoofonry', '447816de-6069-15bf-de3d-c9e9e9038fe2', 5305199, 40209929, '469b3ece-744a-45d5-957d-e8c757976496', 'đỏ', NULL, '6728691543', 'Est nihil sed tempora. In assumenda sunt! Et aliquam et. Omnis dicta hic repudiandae voluptatem hic qui.', '27f91d6c-14b1-6c74-92ef-c9d5c2d91e91', 1, '683898', '1987-10-12 02:03:39', 'Magdalena Ogle', '1970-01-01 00:09:09', 1),
('360bd1e4-7bbf-3971-d41d-086412a8ea97', 'HH0011770', 'Comtinentor', '447816de-6069-15bf-de3d-c9e9e9038fe2', 1085141, 585873, '17120d02-6ab5-3e43-18cb-66948daf6128', 'xanh lá cây', NULL, '2330943414', 'Dolor quisquam non. Corporis voluptatem dolor; odit et dolores. Repellat aut aperiam. Enim est nulla. Voluptas magni enim. Nihil eum beatae? Omnis voluptatem.', '34e2b4cc-3758-293d-7aa4-4b24de418577', 1, 'LZ4HOU33FBPEBN175Y3O', '1994-01-31 17:53:32', 'Marcel Casas', '1970-01-01 00:01:09', 1),
('366f08fd-5619-46e0-9b57-6af6552fdebe', 'KĐR0002-Đ1', 'Kem đánh răng(Đen)', '39446ba3-3071-7af6-a5a9-deaf32c96293', 400000, 500000, '142cb08f-7c31-21fa-8e90-67245e8b283e', NULL, '4b00deff-390d-4b4f-8ff8-4ccca9705e5e', NULL, NULL, NULL, 1, NULL, '2022-01-21 15:37:33', NULL, '2022-01-21 15:37:33', 1),
('36ac2df8-2b1e-368f-cc1d-086412a8ea97', 'HH0031936', 'batmna', '71952621-23c8-61d2-d0eb-e423f1575e00', 7665748, 42462679, '4e272fc4-7875-78d6-7d32-6a1673ffca7c', 'vàng', NULL, '3400280652', 'Ut distinctio voluptatem in voluptatem quia tempora. Consequatur cum mollitia. In voluptatem molestiae! At sed nostrum? Numquam deserunt incidunt. Rem dolor.', '3e39129b-279f-623f-88ea-778aee59fea3', 1, 'D3WPF187092VE56S94S7QQ7S00U2V4I3HJ10Z0PZ43C9MR1R3N379', '1976-08-02 04:24:55', 'Raul Palma', '1970-01-01 00:04:54', 1),
('3738ce93-1661-5628-2cc2-579daad24557', 'HH0009328', 'Promutor', '3541ff76-58f0-6d1a-e836-63d5d5eff719', 5724050, 24535172, '469b3ece-744a-45d5-957d-e8c757976496', 'tím', NULL, '8832477294', 'Assumenda perspiciatis alias ut quia incidunt facere. Earum odio et est enim unde et.', '30007451-29ff-4fe4-3707-70859f4ff30d', 1, '2P4TQ53XX15H9X2LS5396OW3F08W4E3OW', '1992-06-08 23:09:37', 'Merissa Minter', '1970-01-01 00:00:44', 1),
('38d2e5e8-7c2d-4732-b350-9e68a52a0a8f', 'batman123456', 'phuong nè', NULL, NULL, NULL, NULL, NULL, 'f39b286e-b3bb-4516-839b-715fb5ab5a81', NULL, NULL, NULL, NULL, NULL, '2022-01-14 21:31:15', NULL, '2022-01-14 21:31:15', NULL),
('38dc720e-654a-29d5-34c2-579daad24557', 'HH0031201', 'Cleancessopar', '79aca385-65e3-1ebe-f488-479bce9b28fc', 5243933, 32920486, '469b3ece-744a-45d5-957d-e8c757976496', 'tím', NULL, '1694518188', 'In debitis earum unde id rerum consequatur. Sequi asperiores error nobis sunt minima veritatis.', '30007451-29ff-4fe4-3707-70859f4ff30d', 1, 'C9UVYRRQL282K0CN7JZO18ZOCM192', '1997-01-26 10:35:11', 'Deena Seifert', '1970-10-30 09:28:23', 1),
('395826c8-15a0-31f9-5980-7ed9d1ea06ea', 'HH0075026', 'Tabtinexra', '447816de-6069-15bf-de3d-c9e9e9038fe2', 6412282, NULL, '469b3ece-744a-45d5-957d-e8c757976496', NULL, NULL, '5009550842', NULL, '30007451-29ff-4fe4-3707-70859f4ff30d', 1, NULL, NULL, NULL, NULL, 1),
('395fb299-3c5f-46fe-8841-c1ec321fe728', 'HH0037515', 'Playceivar', '3541ff76-58f0-6d1a-e836-63d5d5eff719', 9870917, NULL, '142cb08f-7c31-21fa-8e90-67245e8b283e', NULL, NULL, '8925770182', NULL, '3e39129b-279f-623f-88ea-778aee59fea3', 1, NULL, NULL, NULL, NULL, 1),
('3a425a4d-6066-116b-6bf6-423b4e874d0f', 'HH0015093', 'Subbandeder', '39446ba3-3071-7af6-a5a9-deaf32c96293', 851619, 68743435, '469b3ece-744a-45d5-957d-e8c757976496', 'tím', NULL, '3870857955', 'Doloribus impedit aut. Minus vitae tempora. Hic et dolorem? Deserunt quibusdam aliquam. Molestias et maiores. Earum velit exercitationem; libero unde tempore.', '6528b15d-6674-724f-79a4-4b24de418577', 1, '096U50Q2O9YWK', '1970-01-01 00:01:29', 'Rick Trevino', '2003-01-21 02:38:53', 1),
('3abffc51-2a43-18c6-6cf6-423b4e874d0f', 'HH0097850', 'Comtopphone', '79aca385-65e3-1ebe-f488-479bce9b28fc', 6257040, 85583518, '17120d02-6ab5-3e43-18cb-66948daf6128', 'đỏ tươi', NULL, '9008992377', 'Incidunt non sequi quae perspiciatis id provident...', '34e2b4cc-3758-293d-7aa4-4b24de418577', 1, 'G', '1974-06-26 11:01:21', 'Miesha Goldsmith', '1981-05-12 11:07:33', 1),
('3abffc51-2a43-18c6-6cf6-423b4e874d12', 'HH0097855', 'phuong đó', '79aca385-65e3-1ebe-f488-479bce9b28fc', 6257040, 85583518, '17120d02-6ab5-3e43-18cb-66948daf6128', 'đỏ tươi', NULL, '9008992377', 'Incidunt non sequi quae perspiciatis id provident...', '34e2b4cc-3758-293d-7aa4-4b24de418577', 1, NULL, '2022-01-13 16:56:00', NULL, '2022-01-14 09:23:28', 1),
('3cb58bb5-2fd7-6c15-8741-c1ec321fe728', 'HH0079605', 'Tweetcordentor', '71952621-23c8-61d2-d0eb-e423f1575e00', 7385506, 71396642, '17120d02-6ab5-3e43-18cb-66948daf6128', 'vàng', NULL, '1258257700', 'Voluptas voluptatem sed. Ipsam natus aspernatur. Porro nobis est. Nihil doloremque unde. Et corrupti aliquam? Iste quos cupiditate. Ratione eligendi et.', '27f91d6c-14b1-6c74-92ef-c9d5c2d91e91', 1, 'E07308A1AI1338YIY30A4GYJF12417LT1W2R48ML459352', '1998-04-27 18:04:36', 'Joey Seiler', '1983-03-03 03:14:48', 1),
('3d18d4c2-2f39-3dce-d61d-086412a8ea97', 'HH0077256', 'Playtoplet', '3541ff76-58f0-6d1a-e836-63d5d5eff719', 4382507, 57626985, '4e272fc4-7875-78d6-7d32-6a1673ffca7c', 'nâu', NULL, '4687974937', 'Omnis sunt possimus et error excepturi sit.', '34e2b4cc-3758-293d-7aa4-4b24de418577', 1, 'K59UUMC3CLFC9QV518B9S92Y35Z737U2X8Z5DZF60M57FLW53F9UYA19KZK', '2015-02-25 16:19:38', 'Ada Barron', '1984-01-08 07:15:38', 1),
('3e51a46c-4153-229c-7f41-c1ec321fe728', 'HH0037315', 'Playtiner', '71952621-23c8-61d2-d0eb-e423f1575e00', 6189370, NULL, '469b3ece-744a-45d5-957d-e8c757976496', 'tím', NULL, '3518042072', 'Officia quod porro. Architecto debitis dolore. Omnis qui hic. Exercitationem qui sit. In sed error. Sit placeat fugiat? Porro fuga et. Exercitationem enim.', '6528b15d-6674-724f-79a4-4b24de418577', 1, '38JN6H5G67W4Q9ZK6K7L44A', '1975-01-22 10:53:07', 'Adah Adair', NULL, 1),
('3e7dd0ec-7ee5-392a-1277-d9ebc53aac3d', 'HH0042309', 'Playfindommry', '39446ba3-3071-7af6-a5a9-deaf32c96293', 8416219, 16563572, '11452b0c-768e-5ff7-0d63-eeb1d8ed8cef', 'xanh', NULL, '5223389138', 'Error tenetur perspiciatis. Perspiciatis quidem aspernatur sapiente neque voluptatum aut! Iste dolores sed. In excepturi aut commodi. Debitis et dolores.', '34e2b4cc-3758-293d-7aa4-4b24de418577', 1, 'MX699D7D988', '1970-01-01 00:14:57', 'Lavone Amos', '1977-05-28 16:19:02', 1),
('3fc4ed08-1219-1c6d-5480-7ed9d1ea06ea', 'HH0069162', 'Recessedgor', '71952621-23c8-61d2-d0eb-e423f1575e00', 4346789, 92530653, '11452b0c-768e-5ff7-0d63-eeb1d8ed8cef', 'đỏ tươi', NULL, '9573156689', 'Atque accusamus odit totam recusandae. Tenetur quia nulla explicabo. Est enim quia! Minus quaerat quia. Quisquam blanditiis omnis. Harum velit omnis.', '30007451-29ff-4fe4-3707-70859f4ff30d', 1, '5297NWSKJ93093DC3P76', '2000-08-07 05:35:11', 'Aleisha Story', '2019-10-16 05:34:12', 1),
('3fed64ec-2f94-798f-0335-60b3ebf808a9', 'HH0093581', 'Printputgaor', '39446ba3-3071-7af6-a5a9-deaf32c96293', 52215, 25947120, '142cb08f-7c31-21fa-8e90-67245e8b283e', 'đỏ', NULL, '4883365049', 'Tempora neque dicta. Unde sed vero. Consequatur eos voluptas. Quo commodi numquam. Unde natus quia. Voluptatibus inventore et! Impedit recusandae at...', '30007451-29ff-4fe4-3707-70859f4ff30d', 1, 'K2TL3617P4CDD5654Y2M7R689C6I8F34A4F', '2002-10-10 08:14:06', 'Nathanael Medina', '1984-07-18 00:20:29', 1),
('407db4d1-222b-287d-0135-60b3ebf808a9', 'HH0039661', 'Supculator', '39446ba3-3071-7af6-a5a9-deaf32c96293', 9659298, 35277642, '469b3ece-744a-45d5-957d-e8c757976496', NULL, NULL, '2397234919', 'Nihil molestias asperiores. Necessitatibus vero ut. Ipsum adipisci voluptatem. Nemo rerum quia! Deleniti perspiciatis voluptatibus. Sit quidem dolor. Sed!', '27f91d6c-14b1-6c74-92ef-c9d5c2d91e91', 1, '6Q73B0', '1970-01-01 01:00:32', 'Kent Staton', '1982-03-26 04:00:29', 1),
('409dcd1a-426a-23f7-3a35-0028ed526dd0', 'HH0087060', 'Printcordra', '79aca385-65e3-1ebe-f488-479bce9b28fc', 5545765, 6275254, '142cb08f-7c31-21fa-8e90-67245e8b283e', 'nâu', NULL, '1145602053', 'Numquam nihil dicta. Odit vitae aliquid? Sit sint laboriosam. Quasi ipsa vel. Tempora nam ut! Possimus enim tenetur; odio iste in. Sit nostrum quos. Optio et.', '30007451-29ff-4fe4-3707-70859f4ff30d', 1, 'S5YG8IO', '2017-12-15 15:31:24', 'Jewel Plummer', '2015-01-09 03:28:36', 1),
('42b9446a-790b-3892-2ac2-579daad24557', 'HH0045669', 'Playfinder', '39446ba3-3071-7af6-a5a9-deaf32c96293', 1435540, 85128756, '768f8e64-7d10-20c9-967d-e8c757976496', 'đỏ tươi', NULL, '6367459132', 'Qui iusto aut. Et unde quod. Quis voluptates voluptatem; iusto quasi aut. Dolor consectetur debitis? Ratione possimus aut. Ducimus earum accusantium? Vel.', '27f91d6c-14b1-6c74-92ef-c9d5c2d91e91', 1, '9Y9R05591W29817R1370J137JM2N92SA89475HES3G535AG85Y58K6UVVE587EAWWQ1JT2E9IH4KG856T21Y2D2N86E4UAGYV7RQ', '1998-05-18 12:49:31', 'Carol Abrams', '1991-08-21 16:32:48', 1),
('42db9027-5e76-257b-33c2-579daad24557', 'HH0031168', 'Subholdor', '71952621-23c8-61d2-d0eb-e423f1575e00', 924675, 11078084, '17120d02-6ab5-3e43-18cb-66948daf6128', 'vàng chóe', NULL, '3429950185', 'Sed pariatur totam; sit et id. Iste inventore nulla! Aliquam magnam aliquam. Sit exercitationem quisquam. Adipisci porro architecto. Nulla corrupti aut.', '3e39129b-279f-623f-88ea-778aee59fea3', 1, '56K997T1', '1970-01-01 00:00:10', 'Lewis Kurtz', '1970-01-01 00:06:47', 1),
('481183cb-5a6c-795b-68f6-423b4e874d0f', 'HH0087590', 'Cabtectridge', '71952621-23c8-61d2-d0eb-e423f1575e00', 7503793, 1144680, '768f8e64-7d10-20c9-967d-e8c757976496', 'vàng chóe', NULL, '5495058048', NULL, '27f91d6c-14b1-6c74-92ef-c9d5c2d91e91', 1, NULL, NULL, NULL, '1980-12-12 13:54:28', 1),
('490c2de2-dbcf-461f-86cc-92c654019918', 'TK0001-V1', 'tence kin(vang)', '39446ba3-3071-7af6-a5a9-deaf32c96293', 200000, 400000, '17120d02-6ab5-3e43-18cb-66948daf6128', NULL, '52467f1b-450e-4491-81bb-95e1c89af78d', NULL, NULL, NULL, 1, NULL, '2022-01-21 14:20:27', NULL, '2022-01-21 14:20:27', 1),
('4989ff24-23e7-7b82-b6d2-89b22d10517e', 'HH0013473', 'Tabputor', '447816de-6069-15bf-de3d-c9e9e9038fe2', 1639570, 77818286, '142cb08f-7c31-21fa-8e90-67245e8b283e', 'đỏ', NULL, '5343008296', 'Et est dignissimos. Rerum aut nesciunt; eius et sed. Sit quos et. Dolore voluptas natus. Tenetur adipisci et; harum ea ipsa.', '30007451-29ff-4fe4-3707-70859f4ff30d', 1, '1K91YP07PZ630U61G6YU7WK963543I657P85958', '2016-03-13 07:59:14', 'Clarinda Acker', '2003-05-11 18:18:36', 1),
('4b00deff-390d-4b4f-8ff8-4ccca9705e5e', '02225', 'Kem đánh răng', '39446ba3-3071-7af6-a5a9-deaf32c96293', 400000, 500000, '142cb08f-7c31-21fa-8e90-67245e8b283e', 'Đen', NULL, NULL, 'kem đánh răng giá rẻ', NULL, 1, NULL, '2022-01-21 15:37:33', NULL, '2022-01-21 15:37:33', 1),
('4bf9ecda-2d8e-1724-1d80-de64d090a2c2', 'HH0089661', 'Receivator', '39446ba3-3071-7af6-a5a9-deaf32c96293', 5233229, 63411333, '142cb08f-7c31-21fa-8e90-67245e8b283e', 'nâu', NULL, '0687455933', 'Et ipsam commodi perspiciatis. Incidunt ut consequatur voluptatem. Dolorem quod voluptates. Consequatur eos quo est modi id vero.', '6528b15d-6674-724f-79a4-4b24de418577', 1, '841A96F338M93H81043AQVK188QV6B59G0372S7838K4GV1R82UWI764LSD4ZVLPOX7', '2016-03-17 01:49:00', 'Carmelita Abel', '1986-07-03 08:55:28', 1),
('4c9ebdde-5f9a-58dd-4235-0028ed526dd0', 'HH0092820', 'Tweetfindlet', '3541ff76-58f0-6d1a-e836-63d5d5eff719', 3845467, 43822710, '142cb08f-7c31-21fa-8e90-67245e8b283e', 'tím', NULL, '5968160511', 'Et nobis et ullam pariatur esse dolores.', '27f91d6c-14b1-6c74-92ef-c9d5c2d91e91', 1, 'X6XPGZW9Z4F8Q3S9YLPC10I2042Q6S0', '2000-06-20 01:12:26', 'Maynard Mullins', '1989-08-20 09:53:58', 1),
('4cc606bb-3068-7d32-3f35-0028ed526dd0', 'HH0066317', 'Tabnientor', '447816de-6069-15bf-de3d-c9e9e9038fe2', 5080363, 89990040, '469b3ece-744a-45d5-957d-e8c757976496', 'xanh lá cây', NULL, '7343071252', 'Et necessitatibus aut vitae aspernatur ex. Repudiandae obcaecati dignissimos culpa. Distinctio unde praesentium non. Est soluta et consectetur. Dolorum...', '27f91d6c-14b1-6c74-92ef-c9d5c2d91e91', 1, '65N7Q5FO0J45407DPM48A8TKJXLEJUS4I994797YW2G58SD1', '2019-12-30 02:07:06', 'Shawn Deaton', '1995-11-01 05:39:57', 1),
('4d18a5fb-4c7b-43b1-8650-9c8312be301c', 'nam555', 'nam', NULL, NULL, NULL, NULL, NULL, NULL, NULL, NULL, NULL, 0, NULL, '2022-01-20 14:38:26', NULL, '2022-01-20 14:38:26', NULL),
('4d536cce-31bf-335e-bfd2-89b22d10517e', 'HH0085689', 'Playcycledger', '79aca385-65e3-1ebe-f488-479bce9b28fc', 669014, 1569440, '768f8e64-7d10-20c9-967d-e8c757976496', 'vàng chóe', NULL, '0698147542', 'Exercitationem facere natus est dolorem asperiores dolore. Quia ducimus aut; alias explicabo voluptate. Excepturi quasi consequatur. Ut sit natus? Quas...', '34e2b4cc-3758-293d-7aa4-4b24de418577', 1, '92NZVKJI5N5899784DTFC2X', '2012-05-07 17:23:36', 'Adela Payne', '2009-11-12 15:10:31', 1),
('4db9a514-6d87-2ec1-3b35-0028ed526dd0', 'HH0005672', 'Transceivphone', '71952621-23c8-61d2-d0eb-e423f1575e00', 4739767, 33999296, '768f8e64-7d10-20c9-967d-e8c757976496', 'xanh', NULL, '8533743953', 'Quasi aliquid soluta sit debitis incidunt. Voluptatibus officiis voluptas! Omnis quasi quae. Repellendus in sed; excepturi temporibus quae. Non tenetur qui.', '3e39129b-279f-623f-88ea-778aee59fea3', 1, '94B09H62RY90BO04W814S6J253SOEUM4', '2018-11-03 20:28:43', 'Luis Cruse', '1982-09-06 13:11:36', 1),
('4dd0746a-6f49-64fa-1d77-d9ebc53aac3d', 'HH0065823', 'Carttopator', '39446ba3-3071-7af6-a5a9-deaf32c96293', 5584398, 48649149, '17120d02-6ab5-3e43-18cb-66948daf6128', 'tím', NULL, '4684631960', NULL, '34e2b4cc-3758-293d-7aa4-4b24de418577', 1, NULL, NULL, NULL, '1982-04-19 18:43:16', 1),
('4f65f6c1-4525-16e5-4135-0028ed526dd0', 'HH0026233', 'Comtaer', '39446ba3-3071-7af6-a5a9-deaf32c96293', 9565071, 82266715, '768f8e64-7d10-20c9-967d-e8c757976496', 'xanh', NULL, '8070200235', NULL, '6528b15d-6674-724f-79a4-4b24de418577', 1, NULL, NULL, NULL, '2000-11-04 23:15:37', 1),
('4ff8a61d-5e5b-47cd-b3d2-ee1e298ef891', 'nn02588234123', 'phuong nè', NULL, NULL, NULL, NULL, NULL, 'f39b286e-b3bb-4516-839b-715fb5ab5a81', NULL, NULL, NULL, NULL, NULL, '2022-01-14 17:06:06', NULL, '2022-01-14 17:06:06', NULL),
('500b6761-1631-4f3a-c0d2-89b22d10517e', 'HH0049984', 'Conlephone', '71952621-23c8-61d2-d0eb-e423f1575e00', 9344478, 11971706, '469b3ece-744a-45d5-957d-e8c757976496', 'đỏ tươi', NULL, '5463694661', 'Ex sequi exercitationem consequatur non. Excepturi corporis voluptatem sit sed tempora. Ratione enim rerum. Enim est ratione aut sed sit!', '34e2b4cc-3758-293d-7aa4-4b24de418577', 1, '591G3516U', '1970-01-01 00:00:55', 'Morgan Burt', '1981-11-05 15:31:35', 1),
('506acf1e-5331-67a9-0d77-d9ebc53aac3d', 'HH0056268', 'Ancordar', '447816de-6069-15bf-de3d-c9e9e9038fe2', 73762, 88717070, '768f8e64-7d10-20c9-967d-e8c757976496', 'đỏ', NULL, '1565635715', 'Qui dolorem quaerat assumenda necessitatibus et ut...', '30007451-29ff-4fe4-3707-70859f4ff30d', 1, 'DT0R5U1UZKR5446A', '1973-07-26 04:30:01', 'Jackeline Acker', '2005-09-17 23:46:06', 1),
('50c07587-55d5-5b36-1b77-d9ebc53aac3d', 'HH0088205', 'Proleentor', '3541ff76-58f0-6d1a-e836-63d5d5eff719', 765790, 11803841, '4e272fc4-7875-78d6-7d32-6a1673ffca7c', 'vàng', NULL, '2705839675', 'Asperiores quia at dicta aliquam atque totam. Est quidem ea rerum non natus autem.', '27f91d6c-14b1-6c74-92ef-c9d5c2d91e91', 1, '659L5676700N856F7DLD0', '1970-01-01 00:27:32', 'Martin Carpenter', '2014-09-14 04:27:39', 1),
('51b5ac10-6dea-17ad-2080-de64d090a2c2', 'HH0073864', 'Conplottommar', '447816de-6069-15bf-de3d-c9e9e9038fe2', 1465714, 12777442, '17120d02-6ab5-3e43-18cb-66948daf6128', 'xanh lá cây', NULL, '4190445274', 'Ut dicta necessitatibus sunt ex repellendus quo. Quam ut possimus. Unde totam animi. Laborum dolore blanditiis beatae et in quidem.', '34e2b4cc-3758-293d-7aa4-4b24de418577', 1, 'K86A14', '2010-10-30 03:08:22', 'Boyd Thomason', '2009-10-11 04:25:00', 1),
('52467f1b-450e-4491-81bb-95e1c89af78d', 'TK0001', 'tence kin', '39446ba3-3071-7af6-a5a9-deaf32c96293', 400000, 800000, '142cb08f-7c31-21fa-8e90-67245e8b283e', 'đen', NULL, NULL, 'hahahahah', NULL, 1, NULL, '2022-01-21 14:20:27', NULL, '2022-01-22 09:11:18', 1),
('524751f2-1577-523d-ce1d-086412a8ea97', 'HH0012744', 'Conholdator', '39446ba3-3071-7af6-a5a9-deaf32c96293', 5943034, 59510421, '17120d02-6ab5-3e43-18cb-66948daf6128', 'xanh', NULL, '2858173260', 'Adipisci et culpa. Laborum unde animi obcaecati qui molestiae! Quidem laudantium facilis quam? Ut deserunt ipsam. Nulla dolores qui omnis error sed.', '6528b15d-6674-724f-79a4-4b24de418577', 1, 'I89T882OW8NO815KE5RCTNGKA610MU517OAPUI9U4988VEP9A2Y46447282', '2007-05-11 08:11:18', 'Debby Concepcion', '1979-06-05 06:43:20', 1),
('5254e49d-4368-3162-29c2-579daad24557', 'HH0067754', 'Mononientor', '3541ff76-58f0-6d1a-e836-63d5d5eff719', 5733106, 49082557, '469b3ece-744a-45d5-957d-e8c757976496', 'xanh', NULL, '3204925887', 'Sit ipsum voluptatem; voluptatem consequatur odio. Quibusdam impedit provident? Non unde molestias! Quia tempore officiis. Odio nisi et. Iste dicta aperiam.', '34e2b4cc-3758-293d-7aa4-4b24de418577', 1, '22D4ZKY1482O0WU2N9LTSHR8U4RMWYS9119P1N78KV9', '2015-09-07 17:50:46', 'Maurice Mireles', '2005-03-13 08:37:01', 1),
('527e293c-2185-6d0a-5580-7ed9d1ea06ea', 'HH0081492', 'Cartmutator', '3541ff76-58f0-6d1a-e836-63d5d5eff719', 6543304, 80892697, '11452b0c-768e-5ff7-0d63-eeb1d8ed8cef', 'xanh', NULL, '7332619642', 'Sit eaque magni nihil doloribus ullam adipisci.', '27f91d6c-14b1-6c74-92ef-c9d5c2d91e91', 1, '7YV3P4P7MVD91015015MZ509S182MFJN', '1971-12-27 22:43:32', 'Augustus Barnette', '2002-06-09 00:15:10', 1),
('535ddd98-1493-7909-1e80-de64d090a2c2', 'HH0056255', 'Ampwoofor', '71952621-23c8-61d2-d0eb-e423f1575e00', 1792287, 21877503, '142cb08f-7c31-21fa-8e90-67245e8b283e', 'vàng chóe', NULL, '7904283406', 'Quisquam amet dolores; rerum est deserunt quidem aut quidem omnis? Et iste et; consequatur porro sed? Sed explicabo ipsa! Est qui sit.', '27f91d6c-14b1-6c74-92ef-c9d5c2d91e91', 1, 'YLOK76Z6E3LPZSF809539', '1990-10-12 05:48:47', 'Ada Ackerman', '1970-01-01 00:00:39', 1),
('53f68d51-267f-2d1e-8241-c1ec321fe728', 'HH0042590', 'Supmutar', '71952621-23c8-61d2-d0eb-e423f1575e00', 8470053, 3110395, '469b3ece-744a-45d5-957d-e8c757976496', 'xanh', NULL, '9179513033', 'Sed sit iste iusto quo qui nam. Ut nobis vel aliquid asperiores adipisci pariatur...', '27f91d6c-14b1-6c74-92ef-c9d5c2d91e91', 1, '0', '2021-07-31 23:39:53', 'Pearlene Starnes', '1970-01-01 00:16:16', 1),
('5697b103-5179-7ac3-d31d-086412a8ea97', 'HH0007931', 'Continommer', '71952621-23c8-61d2-d0eb-e423f1575e00', 6560655, 7102652, '11452b0c-768e-5ff7-0d63-eeb1d8ed8cef', 'đỏ tươi', NULL, '2296015352', 'Quia sunt culpa corrupti iste officiis iste.', '34e2b4cc-3758-293d-7aa4-4b24de418577', 1, 'BEV3508', '2012-10-13 14:04:27', 'Jenny Schulze', '2004-07-31 01:42:03', 1),
('56aaf263-3355-23ea-b8d2-89b22d10517e', 'HH0001800', 'Subceivridge', '79aca385-65e3-1ebe-f488-479bce9b28fc', 3671065, 18687091, '11452b0c-768e-5ff7-0d63-eeb1d8ed8cef', 'vàng', NULL, '3907680818', 'Explicabo tempora quo modi incidunt. Assumenda voluptatem hic tempore et obcaecati. Sint eos earum animi ullam ut. Nulla soluta iste.', '34e2b4cc-3758-293d-7aa4-4b24de418577', 1, 'I39V4EF1K8MSGU3EJJ9L79U8O87EG84M8J', '2011-08-26 03:34:25', 'Jeremy Aranda', '1970-01-01 02:37:34', 1),
('56dce332-76f0-6b9b-5080-7ed9d1ea06ea', 'HH0074616', 'Refindollor', '447816de-6069-15bf-de3d-c9e9e9038fe2', 1611841, 38221754, '768f8e64-7d10-20c9-967d-e8c757976496', 'tím', NULL, '8358160750', 'Molestiae sunt facere non cumque dolor alias.', '34e2b4cc-3758-293d-7aa4-4b24de418577', 1, 'K15XH11928Q9T19B375C45RWB6SNZ822F65C58CZ1C9MK9185297', '1976-04-20 07:14:05', 'Kayleen Hogg', '2021-11-03 00:29:14', 1),
('57cdf8c4-47e3-5560-7e41-c1ec321fe728', 'HH0034246', 'Tabcordphone', '71952621-23c8-61d2-d0eb-e423f1575e00', 9767230, 98553180, '4e272fc4-7875-78d6-7d32-6a1673ffca7c', 'đỏ tươi', NULL, '9656123679', NULL, '6528b15d-6674-724f-79a4-4b24de418577', 1, NULL, NULL, NULL, '2011-07-21 23:45:55', 1),
('58e49fff-2a42-4ce7-1c77-d9ebc53aac3d', 'HH0051061', 'Monotecteror', '447816de-6069-15bf-de3d-c9e9e9038fe2', 9249980, 10797393, '142cb08f-7c31-21fa-8e90-67245e8b283e', NULL, NULL, '0766146874', 'Aut error cum dicta. Dicta in perspiciatis laboriosam rem. Dolorem omnis saepe? Quia aut suscipit iste numquam reprehenderit quibusdam. Error et error.', '3e39129b-279f-623f-88ea-778aee59fea3', 1, 'N2L3P4J5290N94BB3988GTCX1W0314045TH33I8NVEG1HE4AX57FJ4PYISXLZQX1D896859FE42WCZ804O2HVQPI7633MCT06U5A', '1996-01-31 01:29:33', 'Elbert Abrams', '1970-01-01 00:00:03', 1),
('595e7d51-318c-39e8-1377-d9ebc53aac3d', 'HH0052657', 'Charmutopor', '3541ff76-58f0-6d1a-e836-63d5d5eff719', 3698633, 32110595, '4e272fc4-7875-78d6-7d32-6a1673ffca7c', NULL, NULL, '2849671275', 'Mollitia asperiores fuga. Exercitationem adipisci error. Nobis beatae minima. Et fuga nemo. Vitae maxime labore. Qui quidem voluptatem! Aut omnis sed.', '30007451-29ff-4fe4-3707-70859f4ff30d', 1, '2RNE58805BTLT4SAL82D6T9FTK445FH93OJ52U95N3UE008LB814DHREZ6R72I4J4IDL3NK396TO', '1990-05-29 10:54:27', 'Eugenia Johansen', '1982-10-29 23:16:38', 1),
('5a841b92-791c-78df-5180-7ed9d1ea06ea', 'HH0080128', 'Cleanfindlet', '79aca385-65e3-1ebe-f488-479bce9b28fc', 1531694, 81093297, '768f8e64-7d10-20c9-967d-e8c757976496', 'vàng chóe', NULL, '8967279144', 'Illo natus itaque. Tempora et molestiae accusantium possimus voluptatem magni. Magni velit qui accusamus veritatis minus aut.', '27f91d6c-14b1-6c74-92ef-c9d5c2d91e91', 1, '48LS7YG94W1O8Z88XJWPZZ80Z91TLWB965E2I9IK62ZLIDKMH6J6DC4CZ2RQBF587CZ', '1970-01-01 00:00:12', 'Henry Crump', '1997-04-21 15:15:09', 1),
('5c7f0ec4-77f2-3794-cf1d-086412a8ea97', 'HH0015316', 'Bicyclaquator', '3541ff76-58f0-6d1a-e836-63d5d5eff719', 3271833, 54121678, '768f8e64-7d10-20c9-967d-e8c757976496', 'vàng', NULL, '7352442211', 'Facere voluptatem recusandae qui quas quaerat officiis. Voluptatem sed inventore voluptatem ipsam? Velit aut eligendi sequi praesentium. Minima unde et aut...', '6528b15d-6674-724f-79a4-4b24de418577', 1, '5337032FFS8787I2MDW7V70LX219P511Y78H43320ZM7048SV5VCTJ9AQ87G8U1Y5903JP7F205YM', '1989-03-23 18:17:38', 'Darrick Cardoza', '1995-01-29 18:44:17', 1),
('5c85f9f2-1de1-4f0a-3e35-0028ed526dd0', 'HH0054256', 'Micplottexry', '79aca385-65e3-1ebe-f488-479bce9b28fc', 4521153, 34889771, '469b3ece-744a-45d5-957d-e8c757976496', 'nâu', NULL, '9439817047', 'Illo minus tempore. Est rem facere ullam quia. Facere voluptate perspiciatis! Sed non sit tempora qui quia et.', '27f91d6c-14b1-6c74-92ef-c9d5c2d91e91', 1, '200V5', '1973-10-09 18:24:14', 'Christeen Oconnor', '2017-10-25 13:56:53', 1),
('5de704c2-573f-1a71-1a80-de64d090a2c2', 'HH0045408', 'Tabmutra', '39446ba3-3071-7af6-a5a9-deaf32c96293', 9935321, 69844793, '142cb08f-7c31-21fa-8e90-67245e8b283e', 'xanh lá cây', NULL, '6474269748', NULL, '30007451-29ff-4fe4-3707-70859f4ff30d', 1, NULL, NULL, NULL, '2000-06-07 19:10:12', 1),
('5eaa6527-768d-3ae7-1977-d9ebc53aac3d', 'HH0078956', 'Conjectry', '39446ba3-3071-7af6-a5a9-deaf32c96293', 4789587, 85406103, '768f8e64-7d10-20c9-967d-e8c757976496', 'xanh lá cây', NULL, '4833303879', 'Ut aperiam reprehenderit eum quam doloremque perspiciatis. Et nostrum placeat ipsam est reiciendis qui.', '3e39129b-279f-623f-88ea-778aee59fea3', 1, '3MG41A5T75DP0723370JD79R56CDCR7OUR009Y30XGA', '1977-07-17 18:50:31', 'Bob Whitlow', '1970-01-01 00:00:45', 1),
('5f03d745-7702-1c85-2bc2-579daad24557', 'HH0041777', 'Conpickphone', '79aca385-65e3-1ebe-f488-479bce9b28fc', 92498, 1462186, '469b3ece-744a-45d5-957d-e8c757976496', 'vàng', NULL, '7949370504', 'Atque optio architecto ea aut necessitatibus ducimus. Consequatur magni cupiditate similique quis est et. Laudantium rerum sint omnis aperiam autem aut.', '6528b15d-6674-724f-79a4-4b24de418577', 1, 'PO5BM91H648YOZ5U9AQKS7RJEFRJ7Y0O', '2018-12-26 09:45:50', 'Kasey Savoy', '1975-02-16 12:16:50', 1),
('5fab4ff7-1b8e-64d0-1880-de64d090a2c2', 'HH0035234', 'Remutator', '79aca385-65e3-1ebe-f488-479bce9b28fc', 5139054, 71846118, '17120d02-6ab5-3e43-18cb-66948daf6128', 'đỏ', NULL, '8306272252', 'Autem at est velit. Nulla numquam tempore consequatur. Ut quaerat explicabo vel? Nesciunt et voluptas. Sequi ut eum? Quam aut sapiente.', '6528b15d-6674-724f-79a4-4b24de418577', 1, 'XB39F0Q14T4W7131B47V358827Z7U', '2012-06-13 14:50:50', 'Kendrick Naranjo', '2016-12-24 16:28:39', 1),
('613afd47-2fc1-15ed-0735-60b3ebf808a9', 'HH0028160', 'Conmutfiscope', '71952621-23c8-61d2-d0eb-e423f1575e00', 8661971, NULL, '11452b0c-768e-5ff7-0d63-eeb1d8ed8cef', 'xanh lá cây', NULL, '1800951725', 'Non aspernatur quia. Qui et voluptates. Nihil velit possimus. Molestias quia magnam? Ut rerum soluta. Ab veniam blanditiis? Fugit perferendis exercitationem!', '6528b15d-6674-724f-79a4-4b24de418577', 1, '8', '1970-01-01 00:00:08', 'Quentin Abraham', NULL, 1),
('61758683-8fce-4f9b-96f1-4577481a851c', 'T123456-H1', 'phuong nè(hahah)', NULL, NULL, NULL, NULL, NULL, '26920571-f7d4-4b6c-8494-9c3257af04f7', NULL, NULL, NULL, NULL, NULL, '2022-01-20 15:40:06', NULL, '2022-01-20 15:40:06', NULL),
('619ecbc4-37bc-19ea-6ff6-423b4e874d0f', 'HH0063843', 'Tablictor', '39446ba3-3071-7af6-a5a9-deaf32c96293', 9349358, 75721556, '17120d02-6ab5-3e43-18cb-66948daf6128', NULL, NULL, '6046876464', 'Ut molestiae perspiciatis similique natus. Earum odit dolorum tempora accusamus et. Eum ut voluptate. Sequi ipsum eaque.', '27f91d6c-14b1-6c74-92ef-c9d5c2d91e91', 1, 'V1494DVZ02A0I55B70359FG9', '1979-10-10 19:32:13', 'Seymour Walls', '1992-04-02 20:21:22', 1),
('62563348-7bd5-6519-3c35-0028ed526dd0', 'HH0051261', 'Submutator', '79aca385-65e3-1ebe-f488-479bce9b28fc', 3515271, 72051601, '142cb08f-7c31-21fa-8e90-67245e8b283e', 'đỏ', NULL, '1787297076', 'Aliquid quibusdam eveniet temporibus. Excepturi adipisci dolores unde magni cupiditate nulla; error sapiente enim. Accusamus voluptatibus aut rerum ab iste!', '27f91d6c-14b1-6c74-92ef-c9d5c2d91e91', 1, '3PH9B75YA8O35HVWFCXZ3D851WC98E06295OH5380580K6OX5SA54DI5HA5PRJ72NRX6963I8ZBINU1C64RRD3J49K2DOKXU9CRS', '1980-02-08 12:05:55', 'Donovan Allison', '1970-01-01 01:37:34', 1),
('62af2231-78a7-7caa-cd1d-086412a8ea97', 'HH0073830', 'Tweetculra', '79aca385-65e3-1ebe-f488-479bce9b28fc', 922301, 67557275, '17120d02-6ab5-3e43-18cb-66948daf6128', 'tím', NULL, '4273560783', 'Dolore veniam ducimus neque ullam sint blanditiis. Voluptas sequi sed omnis suscipit quasi iusto.', '30007451-29ff-4fe4-3707-70859f4ff30d', 1, 'W', '2017-02-23 19:29:45', 'Clemente Craddock', '1970-01-01 00:00:06', 1),
('65ecf5c2-5298-156e-d51d-086412a8ea97', 'HH0003459', 'Tabtinscope', '79aca385-65e3-1ebe-f488-479bce9b28fc', 1924878, 38710933, '469b3ece-744a-45d5-957d-e8c757976496', 'vàng chóe', NULL, '3932827696', 'Qui neque id unde excepturi; pariatur eaque sequi eligendi non et suscipit? Amet blanditiis cum. Rerum sit commodi; rem error vel.', '3e39129b-279f-623f-88ea-778aee59fea3', 1, 'DHU4L6B727HO8RP669MYPUZZ01VW9RSTFP6H26', '1979-04-08 06:25:18', 'Isela Crittenden', '1989-05-14 08:08:03', 1),
('66eecfc3-406d-4b5d-9507-e05e0cfc225b', 'KĐR0001-T1', 'kem đánh răng(tencent)', '3541ff76-58f0-6d1a-e836-63d5d5eff719', 200, 400, '11452b0c-768e-5ff7-0d63-eeb1d8ed8cef', NULL, 'd83e8a54-c97a-42c2-9918-31692afd67df', NULL, NULL, NULL, 1, NULL, '2022-01-20 14:09:31', NULL, '2022-01-20 14:09:31', NULL),
('66ef0b11-1892-1443-1877-d9ebc53aac3d', 'HH0012039', 'Readcessscope', '447816de-6069-15bf-de3d-c9e9e9038fe2', 9410619, 45300935, '142cb08f-7c31-21fa-8e90-67245e8b283e', 'vàng chóe', NULL, '9212176958', 'Ut et voluptas. Quis voluptatem aut? Ut vero provident. Ut nostrum iusto. Et sed voluptas. Et exercitationem suscipit. Cumque rerum quam! Aut minima quia.', '34e2b4cc-3758-293d-7aa4-4b24de418577', 1, 'T15E3A4US676WF1U15JSYK23BAC', '1997-08-31 15:11:02', 'Daron Lowery', '1970-12-03 21:48:00', 1),
('677132b4-2a33-68d1-26c2-579daad24557', 'HH0003120', 'Carttinon', '79aca385-65e3-1ebe-f488-479bce9b28fc', 1239301, 49221488, '469b3ece-744a-45d5-957d-e8c757976496', 'đỏ tươi', NULL, '9098329888', 'Sit aperiam ad perspiciatis temporibus quis inventore. Qui sit voluptatibus nisi nostrum deserunt laudantium.', '3e39129b-279f-623f-88ea-778aee59fea3', 1, 'L2404P06C8AK68RH6698J642SJG15W8I1ZC4DTB', '2021-02-12 18:43:57', 'Reina Adkins', '2006-06-21 13:43:30', 1),
('6986c785-a60a-4790-a5a3-aa7748bb9a1a', 'TH0001', 'ten hanh', '39446ba3-3071-7af6-a5a9-deaf32c96293', 0, 0, '11452b0c-768e-5ff7-0d63-eeb1d8ed8cef', 'đen,xanh', NULL, NULL, 'nam nam', NULL, 1, NULL, '2022-01-20 16:11:49', NULL, '2022-01-22 08:57:01', 0),
('6a763a51-4322-5c5a-b5d2-89b22d10517e', 'HH0060463', 'Tabnion', '39446ba3-3071-7af6-a5a9-deaf32c96293', 3354724, 86035685, '4e272fc4-7875-78d6-7d32-6a1673ffca7c', 'xanh lá cây', NULL, '6311969326', 'Omnis itaque quis error et ut. Ab nulla labore velit sit iste quia. Omnis voluptatibus aut accusamus et.', '6528b15d-6674-724f-79a4-4b24de418577', 1, 'QQC', '1995-10-20 16:17:20', 'Marine Turley', '1970-01-01 02:05:18', 1),
('6b550b8f-7ff9-51bc-0f77-d9ebc53aac3d', 'HH0083507', 'Comleollor', '447816de-6069-15bf-de3d-c9e9e9038fe2', 8950854, 7092940, '11452b0c-768e-5ff7-0d63-eeb1d8ed8cef', 'nâu', NULL, '6697529949', NULL, '6528b15d-6674-724f-79a4-4b24de418577', 1, NULL, NULL, NULL, '1971-06-28 09:07:33', 1),
('6b76d607-7d60-38a2-5680-7ed9d1ea06ea', 'HH0088262', 'Cabcordedridge', '3541ff76-58f0-6d1a-e836-63d5d5eff719', 1648455, NULL, '17120d02-6ab5-3e43-18cb-66948daf6128', 'tím', NULL, '8054652926', 'Eveniet natus culpa. Quos eaque sed? Facilis sunt velit! Quasi earum dolor. Autem voluptas eaque; maiores numquam quas. Est sequi atque!', '3e39129b-279f-623f-88ea-778aee59fea3', 1, 'YO', '2004-06-19 20:07:51', 'Seth Martin', NULL, 1),
('6c5b9fe7-14c9-3bb5-b4d2-89b22d10517e', 'HH0093278', 'Readtector', '3541ff76-58f0-6d1a-e836-63d5d5eff719', 8723215, NULL, '11452b0c-768e-5ff7-0d63-eeb1d8ed8cef', 'đỏ tươi', NULL, '2339290570', 'Aut optio qui. Sequi eveniet ullam! Nesciunt error corporis aliquid possimus commodi veritatis. Sed sint omnis. Cumque unde nobis. Perspiciatis eius mollitia.', '3e39129b-279f-623f-88ea-778aee59fea3', 1, '8X3UCNSYJI7JTB7S3SR8H4C8B2C10', '1970-01-01 00:00:07', 'Carter Matlock', NULL, 1),
('6c80a684-1cb5-41af-ff34-60b3ebf808a9', 'HH0022408', 'Armtellator', '39446ba3-3071-7af6-a5a9-deaf32c96293', 8408524, 44966276, '768f8e64-7d10-20c9-967d-e8c757976496', 'tím', NULL, '7553058469', 'Aut fugiat veritatis. Reiciendis voluptatem pariatur. Corporis et consequuntur; sit necessitatibus animi. Dolores esse error; commodi veritatis iste. Error...', '34e2b4cc-3758-293d-7aa4-4b24de418577', 1, 'FUJ55N0F2', '1970-01-01 01:19:23', 'Twila Bock', '2007-07-13 16:06:12', 1),
('6dcdb6b6-273a-6aaa-8541-c1ec321fe728', 'HH0054491', 'Cleanleollar', '79aca385-65e3-1ebe-f488-479bce9b28fc', 3428038, 83178617, '142cb08f-7c31-21fa-8e90-67245e8b283e', 'xanh lá cây', NULL, '8116358672', 'Rerum necessitatibus labore. Officiis quod et. Nobis eaque incidunt? Dolores iste tempora. Et repudiandae dignissimos! Sit aliquid esse. Aut consequuntur.', '6528b15d-6674-724f-79a4-4b24de418577', 1, 'D80KZA0851DVDO4C2C60NS679BY6X1211L7L1KE679NTW35S77457X2773E2BMDS2DD9UT701J1G', '1990-10-30 01:26:22', 'Herschel Allison', '1970-01-01 00:35:58', 1),
('6f1014db-2ff0-613b-bdd2-89b22d10517e', 'HH0046316', 'Armlictaquer', '79aca385-65e3-1ebe-f488-479bce9b28fc', 4458737, 22008956, '768f8e64-7d10-20c9-967d-e8c757976496', NULL, NULL, '3813172243', 'Corporis et sed. Cumque distinctio nihil. Eius ab commodi! Dolor voluptatem rem. Qui sed error. Tempora quo quisquam; quas fugit eligendi. Et dolor quia!', '34e2b4cc-3758-293d-7aa4-4b24de418577', 1, 'MP4D9VGZ8PI2N09XZ13U5G423LNQIT3FHH4I61T28VIS4P', '2009-08-16 08:32:21', 'Marvella Langston', '2005-02-28 07:46:11', 1),
('6f51ea57-13b2-139f-1177-d9ebc53aac3d', 'HH0017561', 'Comceivimentor', '71952621-23c8-61d2-d0eb-e423f1575e00', 1534304, 11257177, '142cb08f-7c31-21fa-8e90-67245e8b283e', 'tím', NULL, '8036078926', 'Inventore natus dicta consequuntur. Et aspernatur libero recusandae et impedit natus. Quasi tenetur voluptates ut laboriosam suscipit aliquam.', '6528b15d-6674-724f-79a4-4b24de418577', 1, '5CXP3DBKWT55Q3162K9NXEM9M', '1979-06-20 18:17:54', 'Jamie Creech', '1972-05-06 08:16:37', 1),
('707e1336-6584-55de-8341-c1ec321fe728', 'HH0067934', 'Subtaator', '447816de-6069-15bf-de3d-c9e9e9038fe2', 3288378, 78968401, '11452b0c-768e-5ff7-0d63-eeb1d8ed8cef', 'nâu', NULL, '0704614917', 'Reprehenderit saepe cum nesciunt est saepe animi. Qui totam et. Voluptas modi deleniti! Voluptatem tempora saepe. Non temporibus beatae. Omnis voluptatem.', '34e2b4cc-3758-293d-7aa4-4b24de418577', 1, 'Q509749TW1AC511F0UWN3Y8ZP9A7LV1H866WHF9K0Q9YZ5ZM64436RXNN4G277Y6X27Z9S334SD', '2005-09-16 03:03:57', 'Ada Rapp', '2001-08-01 17:22:16', 1),
('70f57d1b-d0c5-48e7-94c5-246d21c29660', 'HSK0001-V1', 'ha sa ki(vang)', '3541ff76-58f0-6d1a-e836-63d5d5eff719', 200, 400, '142cb08f-7c31-21fa-8e90-67245e8b283e', NULL, 'fbae78b7-8a35-4a55-b93f-9d75f3d21b4f', NULL, NULL, NULL, 1, NULL, '2022-01-20 14:12:11', NULL, '2022-01-20 14:12:11', NULL),
('721b7460-7378-2203-0435-60b3ebf808a9', 'HH0092905', 'Translifiupry', '3541ff76-58f0-6d1a-e836-63d5d5eff719', 8296894, NULL, '11452b0c-768e-5ff7-0d63-eeb1d8ed8cef', 'xanh', NULL, '4901028814', 'Dicta dolores iste; nostrum quibusdam molestiae. Voluptatem voluptatibus veritatis; perspiciatis eos sunt. Dolorem mollitia laudantium. Cupiditate illo culpa.', '6528b15d-6674-724f-79a4-4b24de418577', 1, 'R8C9A9JC4MEMC1XK65A', '1995-03-24 16:56:56', 'Ahmed Abernathy', NULL, 1),
('73487d9b-a628-45a9-983c-412453ce1c9b', 'HY0001', 'hasaki yasuo', '447816de-6069-15bf-de3d-c9e9e9038fe2', 200, 400, '17120d02-6ab5-3e43-18cb-66948daf6128', NULL, NULL, NULL, 'hahaha', NULL, 1, NULL, '2022-01-20 13:52:35', NULL, '2022-01-20 13:52:35', NULL),
('73dc79e1-1ccb-35a6-0235-60b3ebf808a9', 'HH0044829', 'Supholdon', '447816de-6069-15bf-de3d-c9e9e9038fe2', 1117932, 50585010, '768f8e64-7d10-20c9-967d-e8c757976496', 'đỏ tươi', NULL, '4931764561', NULL, '6528b15d-6674-724f-79a4-4b24de418577', 1, NULL, NULL, NULL, '1976-09-29 18:49:19', 1),
('78b1d514-338c-3cdc-8641-c1ec321fe728', 'HH0008612', 'Ancordry', '79aca385-65e3-1ebe-f488-479bce9b28fc', 9733993, 47354643, '469b3ece-744a-45d5-957d-e8c757976496', 'vàng', NULL, '5058820848', 'Id consequatur et. Pariatur totam quo ipsa aut perspiciatis ut; ut quia nisi? Excepturi mollitia alias est et. Sit libero aut.', '30007451-29ff-4fe4-3707-70859f4ff30d', 1, '87RJ200DV909R', '2017-04-11 03:05:34', 'Darwin Aguirre', '2003-05-28 08:17:44', 1),
('79dadd0d-69fa-5e30-35c2-579daad24557', 'HH0096050', 'Supceiver', '447816de-6069-15bf-de3d-c9e9e9038fe2', 3287343, NULL, '11452b0c-768e-5ff7-0d63-eeb1d8ed8cef', 'xanh', NULL, '1029400881', 'Error sunt ad. Sed tenetur nesciunt modi minus consequatur ut. Tenetur non sequi repellat et illo molestiae.', '6528b15d-6674-724f-79a4-4b24de418577', 1, 'M0F372AC85Y01G5438R1A', '2019-06-04 22:21:08', 'Bella Crabtree', NULL, 1),
('7a301ea4-331e-73f6-1a77-d9ebc53aac3d', 'HH0010529', 'Tetinommon', '79aca385-65e3-1ebe-f488-479bce9b28fc', 9158520, 35658269, '17120d02-6ab5-3e43-18cb-66948daf6128', 'tím', NULL, '8544858923', 'Consequatur doloribus quis culpa quisquam sed. Fugiat officiis natus dolorem. Nihil illum autem quibusdam reprehenderit cupiditate voluptatem.', '3e39129b-279f-623f-88ea-778aee59fea3', 1, '2XLAS', '1970-01-01 00:50:37', 'Carter Wilburn', '1974-09-02 13:06:23', 1),
('7ad34860-1ac8-7ad7-d01d-086412a8ea97', 'HH0056724', 'Concordicator', '3541ff76-58f0-6d1a-e836-63d5d5eff719', 8510443, 61358993, '469b3ece-744a-45d5-957d-e8c757976496', 'vàng chóe', NULL, '8612688588', 'Dicta perspiciatis iste consequuntur dicta illo in.', '30007451-29ff-4fe4-3707-70859f4ff30d', 1, '4OG7OZ5IMRYN1WTQ41BPE0537534S71R671IP8M04C06GF3KNFR2OHU0VVO3S4W5N4321QJ385L3Z828Y44IVBF62UTVS6S88K82', '1970-01-01 00:00:07', 'Britt Malley', '1970-01-01 00:00:04', 1),
('7b666cc3-1b67-6037-67f6-423b4e874d0f', 'HH0022157', 'Tabtectedscope', '39446ba3-3071-7af6-a5a9-deaf32c96293', 4386120, 96574760, '11452b0c-768e-5ff7-0d63-eeb1d8ed8cef', 'xanh lá cây', NULL, '8922668357', 'Officia omnis similique. Culpa eaque suscipit! Doloremque vel perferendis. Adipisci dolores laboriosam. Repellat assumenda et. Dolorem qui et. Architecto.', '6528b15d-6674-724f-79a4-4b24de418577', 1, '7457H74VW1202ZA14A2', '1988-08-21 19:28:01', 'Camie Burch', '2019-07-06 02:57:45', 1),
('7bd9cf39-3f55-3a7b-0035-60b3ebf808a9', 'HH0056200', 'Cartjectplscope', '39446ba3-3071-7af6-a5a9-deaf32c96293', 6457609, 84378157, '4e272fc4-7875-78d6-7d32-6a1673ffca7c', 'xanh lá cây', NULL, '1643324242', 'Ut eos qui quia fuga quas est; ex sit illum iste debitis ullam modi.', '27f91d6c-14b1-6c74-92ef-c9d5c2d91e91', 1, 'X', '2020-05-18 19:39:59', 'Lorette Ortiz', '1998-07-11 02:01:17', 1),
('7c1ae6ac-6c72-7436-2dc2-579daad24557', 'HH0085279', 'Tabceivaquer', '3541ff76-58f0-6d1a-e836-63d5d5eff719', 9952724, NULL, '469b3ece-744a-45d5-957d-e8c757976496', 'vàng', NULL, '7827169293', 'Magni fuga necessitatibus facilis omnis voluptas aperiam. Dicta eum doloremque hic aspernatur. Nostrum nihil aperiam autem; architecto rerum temporibus.', '34e2b4cc-3758-293d-7aa4-4b24de418577', 1, 'W', '2010-06-27 06:15:03', 'Gilda Abney', NULL, 1),
('7f1b6c7c-2b74-3ebb-31c2-579daad24557', 'HH0091348', 'Computeror', '3541ff76-58f0-6d1a-e836-63d5d5eff719', 3631283, 15521660, '469b3ece-744a-45d5-957d-e8c757976496', 'xanh lá cây', NULL, '1288308260', 'Quibusdam ipsa non. Animi omnis sed! Natus fuga repellendus. Necessitatibus nihil aut. Ipsum amet harum. In deleniti quaerat. Ratione unde aperiam; dolor.', '6528b15d-6674-724f-79a4-4b24de418577', 1, '77DQPGE4WF4IX5F5F28R790ICN7ES9I9PN3K', '1976-10-08 09:01:25', 'Theola Addison', '2002-11-21 01:10:00', 0),
('80e00c80-bfb4-4b7a-ba4f-ea708219504f', 'B6123457-V1', 'ban(vàng)', '3541ff76-58f0-6d1a-e836-63d5d5eff719', 5, 5, '17120d02-6ab5-3e43-18cb-66948daf6128', NULL, 'e21f7c4f-22b3-4497-b1cc-8b9d5bb8b4ee', NULL, NULL, NULL, 1, NULL, '2022-01-20 11:25:42', NULL, '2022-01-20 11:25:42', NULL),
('81814821-46b7-44b9-bf9b-28d2c29997ae', 'T123456-M1', 'phuong nè(mmmzz)', NULL, NULL, NULL, NULL, NULL, '26920571-f7d4-4b6c-8494-9c3257af04f7', NULL, NULL, NULL, NULL, NULL, '2022-01-20 15:43:38', NULL, '2022-01-20 15:43:38', NULL),
('8389ee9b-3312-44d1-91f3-6c2c197fff8e', 'T123456-P1', 'phuong nè(pennpen)', NULL, NULL, NULL, NULL, NULL, '26920571-f7d4-4b6c-8494-9c3257af04f7', NULL, NULL, NULL, NULL, NULL, '2022-01-20 15:40:45', NULL, '2022-01-20 15:40:45', NULL),
('85274964-245b-46fd-ba69-ce87e2626f52', 'b6123456', 'batman', NULL, NULL, NULL, NULL, 'nam,phuong', 'f39b286e-b3bb-4516-839b-715fb5ab5a81', NULL, NULL, NULL, NULL, NULL, '2022-01-19 13:48:43', NULL, '2022-01-19 13:48:43', NULL),
('8625e11f-3e4c-4b56-b0ca-27d81bc24df3', 'BM0001', 'bánh mì', '39446ba3-3071-7af6-a5a9-deaf32c96293', 400000, 500000, '17120d02-6ab5-3e43-18cb-66948daf6128', 'đen', NULL, NULL, 'ngon bổ rẻ', NULL, 1, NULL, '2022-01-21 15:43:34', NULL, '2022-01-21 15:43:34', 1),
('8b0eb972-3190-43bd-be16-9200b95b08b4', 't63', 'phuong nè', NULL, NULL, NULL, NULL, NULL, 'fd1b0f75-93cb-4c21-b5e8-1cd24be6dec4', NULL, NULL, NULL, NULL, NULL, '2022-01-14 21:32:36', NULL, '2022-01-14 21:32:36', NULL),
('8ccc3568-2c5e-41b7-a3ba-868ce44d2715', 'B6123457-X1', 'ban(xanh)', '3541ff76-58f0-6d1a-e836-63d5d5eff719', 5, 5, '17120d02-6ab5-3e43-18cb-66948daf6128', NULL, 'e21f7c4f-22b3-4497-b1cc-8b9d5bb8b4ee', NULL, NULL, NULL, 1, NULL, '2022-01-20 11:25:42', NULL, '2022-01-20 11:25:42', NULL),
('912de93a-d9bb-4bd5-b6c9-000c61bd50cc', 'KĐR0002-X1', 'Kem đánh răng(xanh)', '39446ba3-3071-7af6-a5a9-deaf32c96293', 400000, 800000, '142cb08f-7c31-21fa-8e90-67245e8b283e', NULL, '916a29c4-4e57-46c6-bdb5-3df8298c1fbf', NULL, NULL, NULL, 1, NULL, '2022-01-21 15:18:38', NULL, '2022-01-21 15:18:38', 1),
('919a8ae3-b5f7-4058-9cdf-9fcdd290dfc0', 'HSK0001-X1', 'ha sa ki(xanh)', '3541ff76-58f0-6d1a-e836-63d5d5eff719', 200, 400, '142cb08f-7c31-21fa-8e90-67245e8b283e', NULL, 'fbae78b7-8a35-4a55-b93f-9d75f3d21b4f', NULL, NULL, NULL, 1, NULL, '2022-01-20 14:12:11', NULL, '2022-01-20 14:12:11', NULL),
('9b98a55c-f632-439c-a2c3-c1c71683c013', 'HY0001-M1', 'hasaki yasuo(mea)', '447816de-6069-15bf-de3d-c9e9e9038fe2', 200, 400, '17120d02-6ab5-3e43-18cb-66948daf6128', NULL, '73487d9b-a628-45a9-983c-412453ce1c9b', NULL, NULL, NULL, 1, NULL, '2022-01-20 13:52:35', NULL, '2022-01-20 13:52:35', NULL),
('a700ec36-fde5-4f4c-9a50-fbed6fa4a955', 'b65', 'akali', NULL, NULL, NULL, NULL, NULL, 'f39b286e-b3bb-4516-839b-715fb5ab5a81', NULL, NULL, NULL, NULL, NULL, '2022-01-14 21:35:15', NULL, '2022-01-14 22:21:01', NULL),
('ac3d4c11-5c01-4b15-a811-6d3831ed96d5', 'nn025856', 'phuong nè', NULL, NULL, NULL, NULL, NULL, 'f39b286e-b3bb-4516-839b-715fb5ab5a81', NULL, NULL, NULL, NULL, NULL, '2022-01-14 21:12:31', NULL, '2022-01-14 21:12:31', NULL),
('b951fb5b-1b51-413a-8a94-9202dff4eaeb', 'BM0001-Đ1', 'bánh mì(đen)', '39446ba3-3071-7af6-a5a9-deaf32c96293', 400000, 500000, '17120d02-6ab5-3e43-18cb-66948daf6128', NULL, '8625e11f-3e4c-4b56-b0ca-27d81bc24df3', NULL, NULL, NULL, 1, NULL, '2022-01-21 15:43:34', NULL, '2022-01-21 15:43:34', 1),
('cc774f91-dd75-405a-a391-d0f6c518c2a8', 'ten25563', 'phuong nè', NULL, NULL, NULL, NULL, NULL, '38d2e5e8-7c2d-4732-b350-9e68a52a0a8f', NULL, NULL, NULL, NULL, NULL, '2022-01-14 21:31:42', NULL, '2022-01-14 21:31:42', NULL),
('d83e8a54-c97a-42c2-9918-31692afd67df', 'KĐR0001', 'kem đánh răng', '3541ff76-58f0-6d1a-e836-63d5d5eff719', 200, 400, '11452b0c-768e-5ff7-0d63-eeb1d8ed8cef', NULL, NULL, NULL, 'hasaki', NULL, 1, NULL, '2022-01-20 14:09:31', NULL, '2022-01-20 14:09:31', NULL),
('d8878ca4-5f36-4d95-9f1c-ae4e5c75a951', 'HC0001-B1', 'hàng cấm(ben)', '39446ba3-3071-7af6-a5a9-deaf32c96293', 200, 500, '17120d02-6ab5-3e43-18cb-66948daf6128', NULL, '23d8a054-5867-424b-a397-27e4cdd88c22', NULL, NULL, NULL, 1, NULL, '2022-01-20 15:32:43', NULL, '2022-01-20 15:32:43', 1),
('e04a32a6-ba2a-4d17-84d3-389a78f388a1', 'nn08596', 'phuong nè', NULL, NULL, NULL, NULL, NULL, 'f39b286e-b3bb-4516-839b-715fb5ab5a81', NULL, NULL, NULL, NULL, NULL, '2022-01-14 21:16:22', NULL, '2022-01-14 21:16:22', NULL),
('e3753850-2d5f-4ddc-a233-438afc6ddb94', 'nn12345', 'phuong nè', NULL, NULL, NULL, NULL, NULL, 'b4e727e4-263a-4544-9f25-f39444decacf', NULL, NULL, NULL, NULL, NULL, '2022-01-14 21:16:22', NULL, '2022-01-14 21:16:22', NULL),
('f2ac77e7-99c6-4c2d-afd4-40ad9a4b6c8f', 'KĐR0002-V1', 'Kem đánh răng(vàng)', '39446ba3-3071-7af6-a5a9-deaf32c96293', 400000, 800000, '142cb08f-7c31-21fa-8e90-67245e8b283e', NULL, '916a29c4-4e57-46c6-bdb5-3df8298c1fbf', NULL, NULL, NULL, 1, NULL, '2022-01-21 15:18:38', NULL, '2022-01-21 15:18:38', 1),
('fbae78b7-8a35-4a55-b93f-9d75f3d21b4f', 'HSK0001', 'ha sa ki123456', '3541ff76-58f0-6d1a-e836-63d5d5eff719', 200, 400, '142cb08f-7c31-21fa-8e90-67245e8b283e', 'xanh,vang', NULL, NULL, 'hahahah', NULL, 1, NULL, '2022-01-20 14:12:11', NULL, '2022-01-20 15:39:49', NULL),
('fd1b0f75-93cb-4c21-b5e8-1cd24be6dec4', 'b6', 'phuong nè', NULL, NULL, NULL, NULL, NULL, 'f39b286e-b3bb-4516-839b-715fb5ab5a81', NULL, NULL, NULL, NULL, NULL, '2022-01-14 21:32:36', NULL, '2022-01-14 21:32:36', NULL),
('e14e351a-5dcf-4b5f-a92f-c9902d8bcd2b', 'PPP-X1', 'phuong phuong(xanh)', NULL, 0, 0, NULL, NULL, '023d979f-6184-4420-b7ae-0c07e34384a0', NULL, NULL, NULL, NULL, NULL, '2022-01-21 21:52:32', NULL, '2022-01-21 21:52:32', 1),
('e615a310-5ea4-471b-b4ed-3f08ee05945f', 'TH0001-Đ1', 'ten hanh(đen)', '39446ba3-3071-7af6-a5a9-deaf32c96293', 0, 0, '11452b0c-768e-5ff7-0d63-eeb1d8ed8cef', NULL, '6986c785-a60a-4790-a5a3-aa7748bb9a1a', NULL, 'nam nam', NULL, 1, NULL, '2022-01-22 08:57:01', NULL, '2022-01-22 08:57:01', 0),
('ff0752c7-4d19-4a77-8bcb-99196d322c43', 'TH0001-X1', 'ten hanh(xanh)', '39446ba3-3071-7af6-a5a9-deaf32c96293', 0, 0, '11452b0c-768e-5ff7-0d63-eeb1d8ed8cef', NULL, '6986c785-a60a-4790-a5a3-aa7748bb9a1a', NULL, 'nam nam', NULL, 1, NULL, '2022-01-22 08:57:01', NULL, '2022-01-22 08:57:01', 0),
('0dd65f7b-d0b8-4299-917d-195d0fbf28e5', 'TK0001-Đ1', 'tence kin(đen)', '39446ba3-3071-7af6-a5a9-deaf32c96293', 400000, 800000, '142cb08f-7c31-21fa-8e90-67245e8b283e', NULL, '52467f1b-450e-4491-81bb-95e1c89af78d', NULL, 'hahahahah', NULL, 1, NULL, '2022-01-22 09:11:18', NULL, '2022-01-22 09:11:18', 1),
('2613b5ab-6884-4c0a-9cdd-933a808b3121', 'HHL0001-Đ1', 'hahah hasd lkfdf(đen)', '39446ba3-3071-7af6-a5a9-deaf32c96293', 100000, 200000, '17120d02-6ab5-3e43-18cb-66948daf6128', NULL, '8d78cdee-637b-47bd-be8e-bb375e15b4dd', NULL, NULL, NULL, 1, NULL, '2022-01-22 09:19:58', NULL, '2022-01-22 09:19:58', 1),
('e54ad5a4-39dd-4f3f-a01e-4d0d2c16ea65', 'HG0001-X1', 'haha gsg(xanh)', '39446ba3-3071-7af6-a5a9-deaf32c96293', 200000, 400000, '142cb08f-7c31-21fa-8e90-67245e8b283e', NULL, '2589a3a5-7c7f-4c54-b020-951c81990d75', NULL, NULL, NULL, 1, NULL, '2022-01-22 10:36:22', NULL, '2022-01-22 10:36:22', 1),
('d214abdc-9352-485c-9795-ef654e5f8bd8', 'HG0001-Đ1', 'haha gsg(đỏ)', '39446ba3-3071-7af6-a5a9-deaf32c96293', 200000, 400000, '142cb08f-7c31-21fa-8e90-67245e8b283e', NULL, '2589a3a5-7c7f-4c54-b020-951c81990d75', NULL, NULL, NULL, 1, NULL, '2022-01-22 10:36:22', NULL, '2022-01-22 10:36:22', 1),
('21b7f278-30d7-4671-be06-25af711ddae4', 'HHC0001-Đ1', 'hàng hóa cc(đen)', '39446ba3-3071-7af6-a5a9-deaf32c96293', 0, 0, '142cb08f-7c31-21fa-8e90-67245e8b283e', NULL, 'a6d5f0ad-6db2-4bc2-bc12-eb25259398b9', NULL, NULL, NULL, 1, NULL, '2022-01-22 10:47:44', NULL, '2022-01-22 10:47:44', 1),
('fd45265c-cf36-4e18-ad20-b82cb7ed579a', 'HBB0001-Đ1', 'hàng bim bim(đen)', '39446ba3-3071-7af6-a5a9-deaf32c96293', 400000, 800000, '17120d02-6ab5-3e43-18cb-66948daf6128', NULL, 'bc041320-85e5-4b97-896d-73f59fdfabfe', NULL, NULL, NULL, 1, NULL, '2022-01-22 10:48:42', NULL, '2022-01-22 10:48:42', 1),
('61dc650e-3d9e-4c1b-bfbf-60b081dbd946', 'HBB0001-K1', 'hàng bim bim(ko)', '39446ba3-3071-7af6-a5a9-deaf32c96293', 400000, 550000, '17120d02-6ab5-3e43-18cb-66948daf6128', NULL, 'bc041320-85e5-4b97-896d-73f59fdfabfe', NULL, NULL, NULL, 1, NULL, '2022-01-22 10:59:32', NULL, '2022-01-22 10:59:32', 1),
('d06afb04-23f6-4580-9cee-05954a33a52f', 'GBT0001', 'giày ba ta', '39446ba3-3071-7af6-a5a9-deaf32c96293', 200000, 400000, '142cb08f-7c31-21fa-8e90-67245e8b283e', 'xanh,tím', NULL, NULL, 'ngon bổ rẻ', NULL, 1, NULL, '2022-01-22 11:00:53', NULL, '2022-01-23 00:26:28', 1),
('526eda11-2381-4dca-99a1-0995a525b349', 'L0001-Đ123', 'leesin(đỏ)', '39446ba3-3071-7af6-a5a9-deaf32c96293', 200000, 800000, '469b3ece-744a-45d5-957d-e8c757976496', NULL, 'd3d25a4c-6a4c-4fa7-af69-05f19d42f6f3', NULL, NULL, NULL, 1, NULL, '2022-01-22 12:55:07', NULL, '2022-01-22 12:55:07', 1),
('b6b950fd-7ca3-4e0e-92a4-f34198367443', 'L0001-X1', 'leesin(xanh)', '39446ba3-3071-7af6-a5a9-deaf32c96293', 200000, 800000, '469b3ece-744a-45d5-957d-e8c757976496', NULL, 'd3d25a4c-6a4c-4fa7-af69-05f19d42f6f3', NULL, NULL, NULL, 1, NULL, '2022-01-22 12:55:07', NULL, '2022-01-22 12:55:07', 1),
('ec0bc3e4-ae43-4277-92c0-f74f3c379adb', 'YGT0001-X1', 'yassio gánh team(xanh)', '39446ba3-3071-7af6-a5a9-deaf32c96293', 600000, 820000, '469b3ece-744a-45d5-957d-e8c757976496', NULL, '2ef6294c-1510-4b3c-9112-452fe8c88efa', NULL, NULL, NULL, 1, NULL, '2022-01-22 13:03:13', NULL, '2022-01-22 13:03:13', 1),
('6a731b1c-3356-454c-b028-f4814efc925e', 'YGT0001-Đ1', 'yassio gánh team(đỏ)', '39446ba3-3071-7af6-a5a9-deaf32c96293', 600000, 820000, '469b3ece-744a-45d5-957d-e8c757976496', NULL, '2ef6294c-1510-4b3c-9112-452fe8c88efa', NULL, NULL, NULL, 1, NULL, '2022-01-22 13:03:13', NULL, '2022-01-22 13:03:13', 1),
('a50e9ce9-d13b-46fd-9d5f-1dab6b22b8c3', '-P1123', '(ponn)', NULL, 0, 0, NULL, NULL, 'd6c62afc-f8f6-4f14-b8d6-3d5fc4823736', NULL, NULL, NULL, 1, NULL, '2022-01-22 13:15:24', NULL, '2022-01-22 13:15:24', 1),
('0b38747f-3dce-448e-ad2e-6fcc5986dd25', '-B1', '(bonn)', NULL, 0, 0, NULL, NULL, 'd6c62afc-f8f6-4f14-b8d6-3d5fc4823736', NULL, NULL, NULL, 1, NULL, '2022-01-22 13:15:24', NULL, '2022-01-22 13:15:24', 1),
('f0d6256a-bdee-4dd9-9433-d4e6e87b27d9', 'P0001-V1', 'pentakiill(vàng)', '39446ba3-3071-7af6-a5a9-deaf32c96293', 600000, 500000, '17120d02-6ab5-3e43-18cb-66948daf6128', NULL, '14df8680-d428-449d-9888-f3bc34dc9093', NULL, NULL, NULL, 1, NULL, '2022-01-22 13:22:13', NULL, '2022-01-22 13:22:13', 1),
('b23670df-a0d0-43be-9331-6e858e0ce1ed', 'P0001-K1', 'pentakiill(khoooo)', '39446ba3-3071-7af6-a5a9-deaf32c96293', 200000, 500000, '17120d02-6ab5-3e43-18cb-66948daf6128', NULL, '14df8680-d428-449d-9888-f3bc34dc9093', NULL, NULL, NULL, 1, NULL, '2022-01-22 13:22:41', NULL, '2022-01-22 13:22:41', 1),
('2998ee07-7475-457e-a310-63e815391312', 'NVN0001-Đ1', 'nguyen van nam(đỏ)', '39446ba3-3071-7af6-a5a9-deaf32c96293', 300000, 500000, '142cb08f-7c31-21fa-8e90-67245e8b283e', NULL, 'bf71cbf7-9d14-48d2-b17a-b1024ff2e079', NULL, NULL, NULL, 1, NULL, '2022-01-22 13:31:00', NULL, '2022-01-22 13:31:00', 1),
('e1c70915-f35a-4600-9e40-d060fc7d4993', 'NVN0001-X1', 'nguyen van nam(xanh)', '39446ba3-3071-7af6-a5a9-deaf32c96293', 200000, 400000, '142cb08f-7c31-21fa-8e90-67245e8b283e', NULL, 'bf71cbf7-9d14-48d2-b17a-b1024ff2e079', NULL, NULL, NULL, 1, NULL, '2022-01-22 13:31:00', NULL, '2022-01-22 13:31:00', 1),
('fea0eb69-91b7-42b4-aa46-053dedb73be0', '-P1', '(pen)', NULL, 0, 0, NULL, NULL, '0a800ea9-ed0c-45f0-8cbd-738aaa84d361', NULL, NULL, NULL, 1, NULL, '2022-01-22 17:12:46', NULL, '2022-01-22 17:12:46', 1),
('6ec52ca1-bbbe-418c-ad0f-82c6114385a9', '-X1', '(xanh)', NULL, 0, 0, NULL, NULL, '0a800ea9-ed0c-45f0-8cbd-738aaa84d361', NULL, NULL, NULL, 1, NULL, '2022-01-22 17:12:46', NULL, '2022-01-22 17:12:46', 1),
('8a93185b-3095-42a4-983f-a7516a5019e6', '-Đ1', '(đen)', NULL, 0, 0, NULL, NULL, '0a800ea9-ed0c-45f0-8cbd-738aaa84d361', NULL, NULL, NULL, 1, NULL, '2022-01-22 17:12:46', NULL, '2022-01-22 17:12:46', 1),
('27518cb6-9f28-4517-9b57-57d2ddacbfac', 'BMT0001-3333', 'ben max tầm(hasaki)', '39446ba3-3071-7af6-a5a9-deaf32c96293', 200000, 200000, '17120d02-6ab5-3e43-18cb-66948daf6128', NULL, 'ab3ee472-a141-48c3-bf33-2ef2dbde90b2', NULL, NULL, NULL, 1, NULL, '2022-01-22 18:05:26', NULL, '2022-01-22 18:05:26', 1),
('04b348f0-2bcb-49fd-919d-2343c7def4fd', 'BMT0001-A1', 'ben max tầm(akali)d', '39446ba3-3071-7af6-a5a9-deaf32c96293', 200000, 500000, '17120d02-6ab5-3e43-18cb-66948daf6128', NULL, 'ab3ee472-a141-48c3-bf33-2ef2dbde90b2', NULL, NULL, NULL, 1, NULL, '2022-01-22 18:05:26', NULL, '2022-01-22 18:05:26', 1),
('e9f3af7a-ed49-4426-b085-208cb215ecde', 'BMT0001-P133', 'ben max tầm(penmax1', '39446ba3-3071-7af6-a5a9-deaf32c96293', 200000, 600000, '17120d02-6ab5-3e43-18cb-66948daf6128', NULL, 'ab3ee472-a141-48c3-bf33-2ef2dbde90b2', NULL, NULL, NULL, 1, NULL, '2022-01-22 18:05:26', NULL, '2022-01-22 18:05:26', 1),
('75645960-0165-479b-838f-be12aa0c9ca0', 'BM0002-V1', 'ben max(vàng)', '39446ba3-3071-7af6-a5a9-deaf32c96293', 200000, 400000, '469b3ece-744a-45d5-957d-e8c757976496', NULL, 'c67abf60-ccc7-4ee4-bee7-f27a4a895655', NULL, NULL, NULL, 1, NULL, '2022-01-22 20:20:37', NULL, '2022-01-22 23:49:46', 1),
('8f946a9c-8688-408e-bb68-0b14a6f79e89', 'BBM0001-X1', 'ben ben max(xanh)', '39446ba3-3071-7af6-a5a9-deaf32c96293', 200000, 600000, '469b3ece-744a-45d5-957d-e8c757976496', NULL, 'c17cd84d-0832-41fc-b2bc-c0d5a8da05ac', NULL, NULL, NULL, 1, NULL, '2022-01-22 20:48:16', NULL, '2022-01-22 20:48:16', 1),
('4e97018a-c2bb-42c6-9a25-53a94d97feb5', 'GM0001-Đ1', 'giày man(đen)', '39446ba3-3071-7af6-a5a9-deaf32c96293', 200000, 500000, '469b3ece-744a-45d5-957d-e8c757976496', NULL, '8530df05-6510-4393-a984-dbec2abdd912', NULL, NULL, NULL, 1, NULL, '2022-01-22 22:54:30', NULL, '2022-01-22 23:34:13', 1),
('ed1b695c-d9fb-4897-845b-574b24625b37', 'PTK0001-Đ1', 'pen ta kill(đỏ)', '39446ba3-3071-7af6-a5a9-deaf32c96293', 200000, 300000, '17120d02-6ab5-3e43-18cb-66948daf6128', NULL, '410ea128-8963-4954-ab7c-1f86d8729cbc', NULL, NULL, NULL, 1, NULL, '2022-01-23 00:16:18', NULL, '2022-01-23 00:16:18', 1),
('f37f27f8-e047-4408-bff0-6d7e9fa0f9d5', 'PTK0001-T1', 'pen ta kill(trắng)', '39446ba3-3071-7af6-a5a9-deaf32c96293', 200000, 300000, '17120d02-6ab5-3e43-18cb-66948daf6128', NULL, '410ea128-8963-4954-ab7c-1f86d8729cbc', NULL, NULL, NULL, 1, NULL, '2022-01-23 00:16:18', NULL, '2022-01-23 00:16:18', 1),
('334d93d8-999e-446b-90e5-7c3815628e02', 'PTK0001-X1', 'pen ta kill(xanh)', '39446ba3-3071-7af6-a5a9-deaf32c96293', 200000, 300000, '17120d02-6ab5-3e43-18cb-66948daf6128', NULL, '410ea128-8963-4954-ab7c-1f86d8729cbc', NULL, NULL, NULL, 1, NULL, '2022-01-23 00:16:18', NULL, '2022-01-23 00:16:18', 1),
('796c4ec6-2cc6-4ddd-a352-8a72c64863b1', 'PTK0001-V1', 'pen ta kill(vàng)', '39446ba3-3071-7af6-a5a9-deaf32c96293', 200000, 300000, '17120d02-6ab5-3e43-18cb-66948daf6128', NULL, '410ea128-8963-4954-ab7c-1f86d8729cbc', NULL, NULL, NULL, 1, NULL, '2022-01-23 00:16:18', NULL, '2022-01-23 00:16:18', 1),
('cc82e4e8-bd8e-4da7-bc86-2817340ed0b0', 'PTK0002-B1', 'pen ta kill(brown)', '39446ba3-3071-7af6-a5a9-deaf32c96293', 600000, 300000, '17120d02-6ab5-3e43-18cb-66948daf6128', NULL, 'beb45509-ed8e-4b78-a3e8-7298f840665c', NULL, 'ngon bổ rẻ', NULL, 1, NULL, '2022-01-23 00:24:34', NULL, '2022-01-23 00:24:34', 1),
('833ec843-04b4-41b8-81d9-02e0bf0fd365', 'GBT0001-X1', 'giày ba ta(xanh)', '39446ba3-3071-7af6-a5a9-deaf32c96293', 200000, 400000, '142cb08f-7c31-21fa-8e90-67245e8b283e', NULL, 'd06afb04-23f6-4580-9cee-05954a33a52f', NULL, 'ngon bổ rẻ', NULL, 1, NULL, '2022-01-23 00:26:13', NULL, '2022-01-23 00:26:13', 1),
('2f65adfb-f9b0-4b8c-b8d4-1c1a1a0923fc', 'GBT0001-T113', 'giày ba ta(tím)', '39446ba3-3071-7af6-a5a9-deaf32c96293', 300000, 400000, '142cb08f-7c31-21fa-8e90-67245e8b283e', NULL, 'd06afb04-23f6-4580-9cee-05954a33a52f', NULL, 'ngon bổ rẻ', NULL, 1, NULL, '2022-01-23 00:26:13', NULL, '2022-01-23 00:26:28', 1),
('f346d99a-669e-4870-a97d-db152552046b', 'BTC0001-Đ1113', 'ben ti cá(đỏ)113', '39446ba3-3071-7af6-a5a9-deaf32c96293', 200000, 400000, '17120d02-6ab5-3e43-18cb-66948daf6128', NULL, 'cbb18c49-2f2e-41b4-ab08-91d2ee3d0566', '2000', NULL, NULL, 1, NULL, '2022-01-23 10:12:59', NULL, '2022-01-23 10:17:55', 1),
('536d86a3-318a-4fb0-9e98-4f9763ecf996', 'BTC0001-H1', 'ben ti cá(hasaki)', '39446ba3-3071-7af6-a5a9-deaf32c96293', 200000, 400000, '17120d02-6ab5-3e43-18cb-66948daf6128', NULL, 'cbb18c49-2f2e-41b4-ab08-91d2ee3d0566', '113225', NULL, NULL, 1, NULL, '2022-01-23 10:13:46', NULL, '2022-01-23 20:01:23', 1),
('1a766053-7c5f-4d44-bb3e-4c765b88d8bc', 'HM0001', 'hala madrid', '447816de-6069-15bf-de3d-c9e9e9038fe2', 200000, 600000, '17120d02-6ab5-3e43-18cb-66948daf6128', 'pemm,haha,song', NULL, '9852239265', NULL, NULL, 1, NULL, '2022-01-23 10:52:14', NULL, '2022-01-23 10:59:29', 1),
('0b6678f8-b339-484c-b0db-76421d649627', 'HM0001-P1', 'hala madrid(pemm)', '447816de-6069-15bf-de3d-c9e9e9038fe2', 500000, 600000, '17120d02-6ab5-3e43-18cb-66948daf6128', NULL, '1a766053-7c5f-4d44-bb3e-4c765b88d8bc', '9852239267', NULL, NULL, 1, NULL, '2022-01-23 10:58:35', NULL, '2022-01-23 10:58:35', 1),
('5e874344-e9dd-41b4-9072-60129399fc5e', 'HM0001-H1', 'hala madrid(haha)', '447816de-6069-15bf-de3d-c9e9e9038fe2', 200000, 600000, '17120d02-6ab5-3e43-18cb-66948daf6128', NULL, '1a766053-7c5f-4d44-bb3e-4c765b88d8bc', '9852239268', NULL, NULL, 1, NULL, '2022-01-23 10:59:29', NULL, '2022-01-23 10:59:29', 1),
('5040658e-07d1-4443-8465-b35fe9e712d7', 'HM0001-S1', 'hala madrid(song)', '447816de-6069-15bf-de3d-c9e9e9038fe2', 200000, 600000, '17120d02-6ab5-3e43-18cb-66948daf6128', NULL, '1a766053-7c5f-4d44-bb3e-4c765b88d8bc', '9852239269', NULL, NULL, 1, NULL, '2022-01-23 10:59:29', NULL, '2022-01-23 10:59:29', 1),
('b6ae6d6d-f26e-4d0b-a015-433a64ebad90', 'RND0001-Đ1123112', 'rô nal do(đen)113', '39446ba3-3071-7af6-a5a9-deaf32c96293', 400000, 400000, '17120d02-6ab5-3e43-18cb-66948daf6128', NULL, '2c080d0f-6013-4fee-a5c0-23bf01d394e1', '9852239271', NULL, NULL, 1, NULL, '2022-01-23 11:00:17', NULL, '2022-01-24 08:29:56', 1),
('9797ecfd-7fd6-4ca8-b746-254080dad5ee', 'PT0001-Đ1', 'Pen ta (đen)', '39446ba3-3071-7af6-a5a9-deaf32c96293', 200000, 600000, '142cb08f-7c31-21fa-8e90-67245e8b283e', NULL, 'e765fbc3-9554-4ebd-a63c-23e3390a3a31', '9852239273', NULL, NULL, 1, NULL, '2022-01-24 00:45:20', NULL, '2022-01-24 00:45:20', 1),
('d1b249fc-ca69-4438-b583-4701cc270888', 'PT0001-Đ2', 'Pen ta (đỏ)', '39446ba3-3071-7af6-a5a9-deaf32c96293', 500000, 600000, '142cb08f-7c31-21fa-8e90-67245e8b283e', NULL, 'e765fbc3-9554-4ebd-a63c-23e3390a3a31', '9852239275', NULL, NULL, 1, NULL, '2022-01-24 00:45:20', NULL, '2022-01-24 08:27:18', 1),
('16f23e7c-2840-4605-ab9b-d0773162d24d', 'PT0001-Đ3', 'Pen ta (đi)', '39446ba3-3071-7af6-a5a9-deaf32c96293', 250000, 600000, '142cb08f-7c31-21fa-8e90-67245e8b283e', NULL, 'e765fbc3-9554-4ebd-a63c-23e3390a3a31', '9852239276', NULL, NULL, 1, NULL, '2022-01-24 08:27:18', NULL, '2022-01-24 08:27:18', 1),
('88cb5220-db67-4745-b404-35e0f27665b9', 'RND0001-T1', 'rô nal do(tím)', '39446ba3-3071-7af6-a5a9-deaf32c96293', 200000, 400000, '17120d02-6ab5-3e43-18cb-66948daf6128', NULL, '2c080d0f-6013-4fee-a5c0-23bf01d394e1', '9852239279', 'pen pênn123', NULL, 1, NULL, '2022-01-24 08:29:15', NULL, '2022-01-24 08:29:15', 1),
('75e82207-ae9a-4880-82e4-dacc8f41a1f0', 'H0001-Đ1', 'hahha(đen)', '39446ba3-3071-7af6-a5a9-deaf32c96293', 200000, 400000, '17120d02-6ab5-3e43-18cb-66948daf6128', NULL, 'c5c1cef7-a3a7-4131-b0a5-be34630bbc82', '9852239281', NULL, NULL, 1, NULL, '2022-01-24 09:15:42', NULL, '2022-01-24 09:15:42', 1),
('57ba4b18-227c-425c-b835-4160d8f8db5c', 'H0001-Đ2', 'hahha(đỏ)', '39446ba3-3071-7af6-a5a9-deaf32c96293', 250000, 400000, '17120d02-6ab5-3e43-18cb-66948daf6128', NULL, 'c5c1cef7-a3a7-4131-b0a5-be34630bbc82', '9852239282', NULL, NULL, 1, NULL, '2022-01-24 09:15:42', NULL, '2022-01-24 09:15:42', 1),
('68ea7ed3-2d61-42c4-a42a-63d40f66f51b', 'H0001-X1', 'hahha(xanh)', '39446ba3-3071-7af6-a5a9-deaf32c96293', 210000, 400000, '17120d02-6ab5-3e43-18cb-66948daf6128', NULL, 'c5c1cef7-a3a7-4131-b0a5-be34630bbc82', '9852239283', NULL, NULL, 1, NULL, '2022-01-24 09:15:42', NULL, '2022-01-24 09:15:42', 1),
('5a130eae-df7f-4272-a79c-4fa2d8f70feb', 'H0001-V1', 'hahha(vàng)', '39446ba3-3071-7af6-a5a9-deaf32c96293', 200000, 400000, '17120d02-6ab5-3e43-18cb-66948daf6128', NULL, 'c5c1cef7-a3a7-4131-b0a5-be34630bbc82', '9852239284', NULL, NULL, 1, NULL, '2022-01-24 09:15:42', NULL, '2022-01-24 09:15:42', 1),
('dec1d552-7f6b-4f7b-b8a5-df433f585248', 'BTC0001-Đ1', 'ben ti cá(đen)', '39446ba3-3071-7af6-a5a9-deaf32c96293', 300000, 400000, '17120d02-6ab5-3e43-18cb-66948daf6128', NULL, 'cbb18c49-2f2e-41b4-ab08-91d2ee3d0566', '9852239285', NULL, NULL, 1, NULL, '2022-01-24 09:17:53', NULL, '2022-01-24 09:17:53', 1),
('cb65d136-2749-4ec5-9651-3142ebc2ca4a', 'BMH0001-Đ1', 'bánh mì hàn113(đỏ)', '447816de-6069-15bf-de3d-c9e9e9038fe2', 200000, 200000, '17120d02-6ab5-3e43-18cb-66948daf6128', NULL, 'fbdb2c34-3a9e-498d-aeb0-91cbdced1732', '9852239292', 'ngon bổ rẻ', NULL, 1, NULL, '2022-01-24 09:29:31', NULL, '2022-01-24 10:30:30', 1),
('8289e3fc-dd93-4b4e-9b06-19dda7ffc667', 'BMH0001-Đ2', 'bánh mì hàn113(đen)', '447816de-6069-15bf-de3d-c9e9e9038fe2', 100000, 200000, '17120d02-6ab5-3e43-18cb-66948daf6128', NULL, 'fbdb2c34-3a9e-498d-aeb0-91cbdced1732', '9852239293', 'ngon bổ rẻ', NULL, 1, NULL, '2022-01-24 09:29:31', NULL, '2022-01-24 09:29:31', 1),
('a0795240-d6b0-4d34-938d-c626c98e60b2', 'GN0001', 'giày nike', '39446ba3-3071-7af6-a5a9-deaf32c96293', 200000, 400000, '17120d02-6ab5-3e43-18cb-66948daf6128', 'đen', NULL, '9852239294', 'mô tả', '5a0fe761-a6e8-44c8-b798-d96cc8ab292d', 1, NULL, '2022-01-24 10:42:47', NULL, '2022-01-24 10:43:12', 1),
('4ebc0e3c-3976-48d1-bd6d-131e72e3fb8e', 'GN0001-Đ1', 'giày nike(đen)', '39446ba3-3071-7af6-a5a9-deaf32c96293', 300000, 400000, '17120d02-6ab5-3e43-18cb-66948daf6128', NULL, 'a0795240-d6b0-4d34-938d-c626c98e60b2', '9852239295', NULL, NULL, 1, NULL, '2022-01-24 10:42:47', NULL, '2022-01-24 10:43:12', 1),
('4523730f-bf0a-4b60-8a5f-86bc82cc6ca8', 'GN0003', 'giày nikee', '39446ba3-3071-7af6-a5a9-deaf32c96293', 200000, 400000, '142cb08f-7c31-21fa-8e90-67245e8b283e', 'đỏ,vàng,tím', NULL, '9852239297', NULL, 'daa8de25-34bf-4873-a189-c7884fcb133d', 0, NULL, '2022-01-24 11:00:05', NULL, '2022-01-24 17:24:38', 1),
('4c430520-b5af-4da8-aaf3-0ebead34798b', 'GN0003-Đ1', 'giày nikkee(đỏ)113', '39446ba3-3071-7af6-a5a9-deaf32c96293', 300000, 400000, '142cb08f-7c31-21fa-8e90-67245e8b283e', NULL, '4523730f-bf0a-4b60-8a5f-86bc82cc6ca8', '9852239298', NULL, NULL, 1, NULL, '2022-01-24 11:00:05', NULL, '2022-01-24 11:01:52', 1),
('0478fdd2-5ec7-4add-b87e-1f0fa68cbeb7', 'GN0003-V1', 'giày nikkee(vàng)', '39446ba3-3071-7af6-a5a9-deaf32c96293', 200000, 400000, '142cb08f-7c31-21fa-8e90-67245e8b283e', NULL, '4523730f-bf0a-4b60-8a5f-86bc82cc6ca8', '9852239', NULL, NULL, 1, NULL, '2022-01-24 11:01:52', NULL, '2022-01-24 11:01:52', 1),
('c3210e05-951a-44c5-982c-f727c7fe6782', 'GN0003-T1', 'giày nikkee(tím)', '39446ba3-3071-7af6-a5a9-deaf32c96293', 200000, 400000, '142cb08f-7c31-21fa-8e90-67245e8b283e', NULL, '4523730f-bf0a-4b60-8a5f-86bc82cc6ca8', '9852239300', NULL, NULL, 1, NULL, '2022-01-24 11:01:52', NULL, '2022-01-24 11:01:52', 1),
('c2254674-3dc3-4de7-a9b8-2fa77c1b5634', 'S0001-Đ1', 'sfsdf(đen)', NULL, 2000000, 400000, '17120d02-6ab5-3e43-18cb-66948daf6128', NULL, '7ea2b85c-4014-47b8-8994-066a2a67a754', '9852239302', NULL, NULL, 1, NULL, '2022-01-24 13:52:45', NULL, '2022-01-24 14:14:34', 1),
('d21e9e24-03b7-4b51-9b26-6707d4eb788f', 'S0001-Đ2', 'sfsdf(đỏ)', NULL, 100000, 400000, '17120d02-6ab5-3e43-18cb-66948daf6128', NULL, '7ea2b85c-4014-47b8-8994-066a2a67a754', '9852239303', NULL, NULL, 1, NULL, '2022-01-24 13:54:02', NULL, '2022-01-24 14:11:03', 1),
('bb5c078f-8647-4711-aa59-68acd08f6d2a', 'B6123458', 'ben', '39446ba3-3071-7af6-a5a9-deaf32c96293', 200000, 600000, '469b3ece-744a-45d5-957d-e8c757976496', 'xám,xanhh', NULL, '9852239304', NULL, NULL, 1, NULL, '2022-01-24 14:16:12', NULL, '2022-01-24 14:17:10', 1),
('d2c764e6-dd1f-48ba-9dc5-cf269eee9ff7', 'B6123458-X1', 'ben(xám)', '39446ba3-3071-7af6-a5a9-deaf32c96293', 200000, 1200000, '469b3ece-744a-45d5-957d-e8c757976496', NULL, 'bb5c078f-8647-4711-aa59-68acd08f6d2a', '9852239307', NULL, NULL, 1, NULL, '2022-01-24 14:16:12', NULL, '2022-01-24 14:16:12', 1),
('945767ca-59ed-4f26-a554-25ab951c9d8b', 'B6123458-X2', 'ben(xanhh)', '39446ba3-3071-7af6-a5a9-deaf32c96293', 200000, 300000, '469b3ece-744a-45d5-957d-e8c757976496', NULL, 'bb5c078f-8647-4711-aa59-68acd08f6d2a', '9852239308', NULL, NULL, 1, NULL, '2022-01-24 14:17:10', NULL, '2022-01-24 14:17:10', 1),
('7c7cf7be-7835-434c-97ae-646baedb68d9', 'NM0001', 'nike man', '71952621-23c8-61d2-d0eb-e423f1575e00', 20000, 40000, '469b3ece-744a-45d5-957d-e8c757976496', 'đỏ,đen,tím', NULL, '9852239309', 'mô tả', '8c64f200-dc01-4880-965c-cbcfe961f8d4', 1, NULL, '2022-01-24 21:10:13', NULL, '2022-01-24 21:10:47', 1),
('07392442-8ee3-4d35-ad8f-c82baf626c3e', 'NM0001-Đ1', 'nike man(đỏ)', '71952621-23c8-61d2-d0eb-e423f1575e00', 20000, 40000, '469b3ece-744a-45d5-957d-e8c757976496', NULL, '7c7cf7be-7835-434c-97ae-646baedb68d9', '1133252', NULL, NULL, 1, NULL, '2022-01-24 21:10:13', NULL, '2022-01-24 21:10:47', 1),
('c4cba2bd-d848-4357-9de3-c7dbf8e86301', 'NM0001-Đ2', 'nike man(đen)', '71952621-23c8-61d2-d0eb-e423f1575e00', 20000, 40000, '469b3ece-744a-45d5-957d-e8c757976496', NULL, '7c7cf7be-7835-434c-97ae-646baedb68d9', '9852239311', NULL, NULL, 1, NULL, '2022-01-24 21:10:13', NULL, '2022-01-24 21:10:13', 1),
('a27348e7-91cf-4adc-826f-ca963b9fbd59', 'NM0001-T1', 'nike man(tím)', '71952621-23c8-61d2-d0eb-e423f1575e00', 20000, 40000, '469b3ece-744a-45d5-957d-e8c757976496', NULL, '7c7cf7be-7835-434c-97ae-646baedb68d9', '9852239312', 'mô tả', NULL, 1, NULL, '2022-01-24 21:10:47', NULL, '2022-01-24 21:10:47', 1),
('4b5463c2-afce-45d5-a67a-975214ad1691', 'NM0002', 'nike man', '71952621-23c8-61d2-d0eb-e423f1575e00', 20000, 40000, '469b3ece-744a-45d5-957d-e8c757976496', 'đỏ,đen,tím', NULL, '9852239309', 'mô tả', '8c64f200-dc01-4880-965c-cbcfe961f8d4', 1, NULL, '2022-01-25 00:45:26', NULL, '2022-01-25 00:45:44', 1),
('b02c57a1-e5e3-484e-b0f9-e0c42bff9ace', 'NM0002-Đ1', 'nike man(đỏ)', '71952621-23c8-61d2-d0eb-e423f1575e00', 20000, 40000, '469b3ece-744a-45d5-957d-e8c757976496', NULL, '4b5463c2-afce-45d5-a67a-975214ad1691', '1133252', NULL, NULL, 1, NULL, '2022-01-25 00:45:26', NULL, '2022-01-25 00:45:26', 1),
('3d409c57-4ed8-4ef8-bdf5-529c10c15447', 'NM0002-Đ2', 'nike man(đen)', '71952621-23c8-61d2-d0eb-e423f1575e00', 20000, 40000, '469b3ece-744a-45d5-957d-e8c757976496', NULL, '4b5463c2-afce-45d5-a67a-975214ad1691', '9852239311', NULL, NULL, 1, NULL, '2022-01-25 00:45:26', NULL, '2022-01-25 00:45:26', 1),
('648126e8-3d16-406d-920b-632545914e95', 'NM0002-T1', 'nike man(tím)', '71952621-23c8-61d2-d0eb-e423f1575e00', 20000, 40000, '469b3ece-744a-45d5-957d-e8c757976496', NULL, '4b5463c2-afce-45d5-a67a-975214ad1691', '9852239312', 'mô tả', NULL, 1, NULL, '2022-01-25 00:45:26', NULL, '2022-01-25 00:45:26', 1),
('9a290c95-6b64-4928-8905-1c999b57e829', 'NM0003', 'nike man', '71952621-23c8-61d2-d0eb-e423f1575e00', 20000, 40000, '17120d02-6ab5-3e43-18cb-66948daf6128', 'đỏ', NULL, '9852239309', 'mô tả', '844f608c-f83e-490b-8321-c0beb1ac6a4b', 1, NULL, '2022-01-25 08:33:17', NULL, '2022-01-25 11:24:14', 1),
('9e9bf71a-4060-4418-a0ca-f726ddfd3c52', 'NM0003-Đ1', 'nike man(đỏ)', '71952621-23c8-61d2-d0eb-e423f1575e00', 40000, 40000, '469b3ece-744a-45d5-957d-e8c757976496', NULL, '9a290c95-6b64-4928-8905-1c999b57e829', '090120000000', NULL, NULL, 1, NULL, '2022-01-25 08:33:17', NULL, '2022-01-25 11:16:17', 1),
('3aa17341-8600-4471-b7d5-e7b21f906f13', 'NM0004', 'nike man man man', '71952621-23c8-61d2-d0eb-e423f1575e00', 20000, 40000, '469b3ece-744a-45d5-957d-e8c757976496', 'đỏ,trắng,xanh', NULL, '9852239309', 'mô tả', '72bddb58-9b52-469d-9ab4-ed266a2c847a', 1, NULL, '2022-01-25 11:02:56', NULL, '2022-01-25 11:03:36', 1),
('21ded04e-1cbc-4485-a9e7-30e9c9b8c638', 'NM0004-Đ1', 'nike man(đỏ)', '71952621-23c8-61d2-d0eb-e423f1575e00', 20000, 40000, '469b3ece-744a-45d5-957d-e8c757976496', NULL, '3aa17341-8600-4471-b7d5-e7b21f906f13', '03012000200', NULL, NULL, 1, NULL, '2022-01-25 11:02:56', NULL, '2022-01-25 11:03:36', 1),
('ad3fd96a-8e8c-4da3-9815-0dd3e04c05b3', 'NM0004-T2', 'nike man113(trắng)', '71952621-23c8-61d2-d0eb-e423f1575e00', 50000, 300000, '469b3ece-744a-45d5-957d-e8c757976496', NULL, '3aa17341-8600-4471-b7d5-e7b21f906f13', '9852239313', 'mô tả', NULL, 1, NULL, '2022-01-25 11:02:56', NULL, '2022-01-25 11:02:56', 1),
('9e380f4d-20b4-40f0-9a19-51b5987d91d9', 'NM0004-X1', 'nike man man man(xanh)', '71952621-23c8-61d2-d0eb-e423f1575e00', 20000, 40000, '469b3ece-744a-45d5-957d-e8c757976496', NULL, '3aa17341-8600-4471-b7d5-e7b21f906f13', '9852239314', 'mô tả', NULL, 1, NULL, '2022-01-25 11:03:36', NULL, '2022-01-25 11:03:36', 1),
('31a1e858-57fc-4791-9d02-65e31e6ecc88', 'NMMM0001', 'nike man028852', '447816de-6069-15bf-de3d-c9e9e9038fe2', 20000, 40000, '11452b0c-768e-5ff7-0d63-eeb1d8ed8cef', '', NULL, '9852239309', 'mô tả 123', '72bddb58-9b52-469d-9ab4-ed266a2c847a', 1, NULL, '2022-01-25 11:20:40', NULL, '2022-01-25 13:36:57', 1),
('a1620d56-77e9-414b-bf35-29cc0d6ab1e5', 'NMMM0001-Đ1', 'nike man(đỏ)', '71952621-23c8-61d2-d0eb-e423f1575e00', 30000, 40000, '469b3ece-744a-45d5-957d-e8c757976496', NULL, '31a1e858-57fc-4791-9d02-65e31e6ecc88', '1233456', NULL, NULL, 1, NULL, '2022-01-25 11:20:40', NULL, '2022-01-25 11:20:40', 1),
('f08a9028-91c3-4ab8-8673-5a61d5ace20a', 'NMMM0001-T2', 'nike man113(trắng)', '71952621-23c8-61d2-d0eb-e423f1575e00', 50000, 300000, '469b3ece-744a-45d5-957d-e8c757976496', NULL, '31a1e858-57fc-4791-9d02-65e31e6ecc88', '9852239313', 'mô tả', NULL, 1, NULL, '2022-01-25 11:20:40', NULL, '2022-01-25 11:20:40', 1),
('a5594f11-89f8-419e-b8c0-c7f643242fe7', 'B6123459-X1', 'ben(xám)', '39446ba3-3071-7af6-a5a9-deaf32c96293', 200000, 1200000, '469b3ece-744a-45d5-957d-e8c757976496', NULL, '3dba3207-5690-45bf-8129-5bd8f268dd19', '9852239315', NULL, NULL, 1, NULL, '2022-01-25 11:42:30', NULL, '2022-01-25 11:42:30', 1),
('bc060455-da26-4164-a9c3-220e1b9a2994', 'B6123459-X2', 'ben(xanhh)', '39446ba3-3071-7af6-a5a9-deaf32c96293', 200000, 300000, '469b3ece-744a-45d5-957d-e8c757976496', NULL, '3dba3207-5690-45bf-8129-5bd8f268dd19', '9852239316', NULL, NULL, 1, NULL, '2022-01-25 11:42:30', NULL, '2022-01-25 11:42:30', 1),
('c53ea3b2-1872-4b05-a7c4-fc04c02ce75d', 'B6123460-X1', 'ben(xám)', '39446ba3-3071-7af6-a5a9-deaf32c96293', 200000, 1200000, '469b3ece-744a-45d5-957d-e8c757976496', NULL, 'ee5b98ef-e625-432d-bb9a-1facb6a3406a', '9852239317', NULL, NULL, 1, NULL, '2022-01-25 11:42:45', NULL, '2022-01-25 11:42:45', 1),
('dbb0dea9-4449-4fc3-b599-9343160459c3', 'B6123460-X2', 'ben(xanhh)', '39446ba3-3071-7af6-a5a9-deaf32c96293', 200000, 300000, '469b3ece-744a-45d5-957d-e8c757976496', NULL, 'ee5b98ef-e625-432d-bb9a-1facb6a3406a', '9852239318', NULL, NULL, 1, NULL, '2022-01-25 11:42:45', NULL, '2022-01-25 11:42:45', 1),
('54f59ccd-a7be-4fdd-b954-45538cf85528', 'NM0005-Đ1', 'nike man(đỏ)', '71952621-23c8-61d2-d0eb-e423f1575e00', 30000, 40000, '469b3ece-744a-45d5-957d-e8c757976496', NULL, '9def2016-ae1b-49a1-8910-36092f1b5cc7', '9852239319', NULL, NULL, 1, NULL, '2022-01-25 11:45:09', NULL, '2022-01-25 11:45:09', 1),
('867628ff-4d2c-48eb-8478-11d9448201eb', 'NM0005-T2', 'nike man113(trắng)', '71952621-23c8-61d2-d0eb-e423f1575e00', 50000, 300000, '469b3ece-744a-45d5-957d-e8c757976496', NULL, '9def2016-ae1b-49a1-8910-36092f1b5cc7', '9852239320', 'mô tả', NULL, 1, NULL, '2022-01-25 11:45:09', NULL, '2022-01-25 11:45:09', 1),
('c0f0f15f-1e2f-4909-b61e-3ec25e01901e', 'ĐV0001-Đ1', 'đen vâu(đen)', '39446ba3-3071-7af6-a5a9-deaf32c96293', 0, 0, NULL, NULL, '085492ac-0e70-41a6-a051-9dbdd82497e1', '113', NULL, NULL, 1, NULL, '2022-01-25 14:57:35', NULL, '2022-01-25 14:57:35', 1),
('d3bbe9c0-acb7-4eeb-98ac-4672c5aab4a8', 'ĐV0001-Đ2', 'đen vâu(đỏ)', '39446ba3-3071-7af6-a5a9-deaf32c96293', 0, 0, NULL, NULL, '085492ac-0e70-41a6-a051-9dbdd82497e1', '114', NULL, NULL, 1, NULL, '2022-01-25 14:57:35', NULL, '2022-01-25 14:57:35', 1);

-- 
-- Restore previous SQL mode
-- 
/*!40101 SET SQL_MODE=@OLD_SQL_MODE */;

-- 
-- Enable foreign keys
-- 
/*!40014 SET FOREIGN_KEY_CHECKS = @OLD_FOREIGN_KEY_CHECKS */;